file,line,type,commit,author,date,time,timezone,datetime,depth,length
style.css,1,css,93d06673,Zachary Loo,2026-04-10,15:40:05,-07:00,2026-04-10T15:40:05-07:00,0,5
style.css,2,css,93d06673,Zachary Loo,2026-04-10,15:40:05,-07:00,2026-04-10T15:40:05-07:00,2,34
style.css,3,css,8169f5c6,Zachary Loo,2026-05-01,15:29:48,-07:00,2026-05-01T15:29:48-07:00,2,39
style.css,4,css,312c3215,Zachary Loo,2026-04-22,15:06:36,-07:00,2026-04-22T15:06:36-07:00,0,0
style.css,5,css,93d06673,Zachary Loo,2026-04-10,15:40:05,-07:00,2026-04-10T15:40:05-07:00,0,0
style.css,6,css,93d06673,Zachary Loo,2026-04-10,15:40:05,-07:00,2026-04-10T15:40:05-07:00,0,0
style.css,7,css,323db6b6,Zachary Loo,2026-04-02,16:41:08,-07:00,2026-04-02T16:41:08-07:00,0,4
style.css,8,css,323db6b6,Zachary Loo,2026-04-02,16:41:08,-07:00,2026-04-02T16:41:08-07:00,2,43
style.css,9,css,323db6b6,Zachary Loo,2026-04-02,16:41:08,-07:00,2026-04-02T16:41:08-07:00,4,42
style.css,10,css,323db6b6,Zachary Loo,2026-04-02,16:41:08,-07:00,2026-04-02T16:41:08-07:00,4,0
style.css,11,css,323db6b6,Zachary Loo,2026-04-02,16:41:08,-07:00,2026-04-02T16:41:08-07:00,2,23
style.css,12,css,93d06673,Zachary Loo,2026-04-10,15:40:05,-07:00,2026-04-10T15:40:05-07:00,0,0
style.css,13,css,93d06673,Zachary Loo,2026-04-10,15:40:05,-07:00,2026-04-10T15:40:05-07:00,2,15
style.css,14,css,93d06673,Zachary Loo,2026-04-10,15:40:05,-07:00,2026-04-10T15:40:05-07:00,2,40
style.css,15,css,93d06673,Zachary Loo,2026-04-10,15:40:05,-07:00,2026-04-10T15:40:05-07:00,0,0
style.css,16,css,93d06673,Zachary Loo,2026-04-10,15:40:05,-07:00,2026-04-10T15:40:05-07:00,2,32
style.css,17,css,93d06673,Zachary Loo,2026-04-10,15:40:05,-07:00,2026-04-10T15:40:05-07:00,0,0
style.css,18,css,93d06673,Zachary Loo,2026-04-10,15:40:05,-07:00,2026-04-10T15:40:05-07:00,0,0
style.css,19,css,93d06673,Zachary Loo,2026-04-10,15:40:05,-07:00,2026-04-10T15:40:05-07:00,2,25
style.css,20,css,312c3215,Zachary Loo,2026-04-22,15:06:36,-07:00,2026-04-22T15:06:36-07:00,2,1
style.css,21,css,312c3215,Zachary Loo,2026-04-22,15:06:36,-07:00,2026-04-22T15:06:36-07:00,2,1
style.css,22,css,312c3215,Zachary Loo,2026-04-22,15:06:36,-07:00,2026-04-22T15:06:36-07:00,2,1
style.css,23,css,312c3215,Zachary Loo,2026-04-22,15:06:36,-07:00,2026-04-22T15:06:36-07:00,2,1
style.css,24,css,312c3215,Zachary Loo,2026-04-22,15:06:36,-07:00,2026-04-22T15:06:36-07:00,2,1
style.css,25,css,312c3215,Zachary Loo,2026-04-22,15:06:36,-07:00,2026-04-22T15:06:36-07:00,2,2
style.css,26,css,93d06673,Zachary Loo,2026-04-10,15:40:05,-07:00,2026-04-10T15:40:05-07:00,4,15
style.css,27,css,93d06673,Zachary Loo,2026-04-10,15:40:05,-07:00,2026-04-10T15:40:05-07:00,4,17
style.css,28,css,312c3215,Zachary Loo,2026-04-22,15:06:36,-07:00,2026-04-22T15:06:36-07:00,0,0
style.css,29,css,93d06673,Zachary Loo,2026-04-10,15:40:05,-07:00,2026-04-10T15:40:05-07:00,2,0
style.css,30,css,312c3215,Zachary Loo,2026-04-22,15:06:36,-07:00,2026-04-22T15:06:36-07:00,0,0
style.css,31,css,93d06673,Zachary Loo,2026-04-10,15:40:05,-07:00,2026-04-10T15:40:05-07:00,2,2
style.css,32,css,312c3215,Zachary Loo,2026-04-22,15:06:36,-07:00,2026-04-22T15:06:36-07:00,4,14
style.css,33,css,312c3215,Zachary Loo,2026-04-22,15:06:36,-07:00,2026-04-22T15:06:36-07:00,0,0
style.css,34,css,93d06673,Zachary Loo,2026-04-10,15:40:05,-07:00,2026-04-10T15:40:05-07:00,2,0
style.css,35,css,93d06673,Zachary Loo,2026-04-10,15:40:05,-07:00,2026-04-10T15:40:05-07:00,0,0
style.css,36,css,93d06673,Zachary Loo,2026-04-10,15:40:05,-07:00,2026-04-10T15:40:05-07:00,0,0
style.css,37,css,93d06673,Zachary Loo,2026-04-10,15:40:05,-07:00,2026-04-10T15:40:05-07:00,0,0
style.css,38,css,4ef28afb,Zachary Loo,2026-04-17,11:44:49,-07:00,2026-04-17T11:44:49-07:00,0,13
style.css,39,css,312c3215,Zachary Loo,2026-04-22,15:06:36,-07:00,2026-04-22T15:06:36-07:00,2,17
style.css,40,css,312c3215,Zachary Loo,2026-04-22,15:06:36,-07:00,2026-04-22T15:06:36-07:00,2,8
style.css,41,css,312c3215,Zachary Loo,2026-04-22,15:06:36,-07:00,2026-04-22T15:06:36-07:00,2,10
style.css,42,css,4ef28afb,Zachary Loo,2026-04-17,11:44:49,-07:00,2026-04-17T11:44:49-07:00,0,0
style.css,43,css,4ef28afb,Zachary Loo,2026-04-17,11:44:49,-07:00,2026-04-17T11:44:49-07:00,2,13
style.css,44,css,4ef28afb,Zachary Loo,2026-04-17,11:44:49,-07:00,2026-04-17T11:44:49-07:00,2,19
style.css,45,css,4ef28afb,Zachary Loo,2026-04-17,11:44:49,-07:00,2026-04-17T11:44:49-07:00,0,0
style.css,46,css,4ef28afb,Zachary Loo,2026-04-17,11:44:49,-07:00,2026-04-17T11:44:49-07:00,0,0
style.css,47,css,8169f5c6,Zachary Loo,2026-05-01,15:29:48,-07:00,2026-05-01T15:29:48-07:00,0,22
style.css,48,css,8169f5c6,Zachary Loo,2026-05-01,15:29:48,-07:00,2026-05-01T15:29:48-07:00,0,4
style.css,49,css,93d06673,Zachary Loo,2026-04-10,15:40:05,-07:00,2026-04-10T15:40:05-07:00,0,2
style.css,50,css,93d06673,Zachary Loo,2026-04-10,15:40:05,-07:00,2026-04-10T15:40:05-07:00,2,16
style.css,51,css,8169f5c6,Zachary Loo,2026-05-01,15:29:48,-07:00,2026-05-01T15:29:48-07:00,0,2
style.css,52,css,8169f5c6,Zachary Loo,2026-05-01,15:29:48,-07:00,2026-05-01T15:29:48-07:00,0,0
style.css,53,css,8169f5c6,Zachary Loo,2026-05-01,15:29:48,-07:00,2026-05-01T15:29:48-07:00,0,10
style.css,54,css,8169f5c6,Zachary Loo,2026-05-01,15:29:48,-07:00,2026-05-01T15:29:48-07:00,2,12
style.css,55,css,8169f5c6,Zachary Loo,2026-05-01,15:29:48,-07:00,2026-05-01T15:29:48-07:00,2,18
style.css,56,css,8169f5c6,Zachary Loo,2026-05-01,15:29:48,-07:00,2026-05-01T15:29:48-07:00,2,6
style.css,57,css,93d06673,Zachary Loo,2026-04-10,15:40:05,-07:00,2026-04-10T15:40:05-07:00,0,0
style.css,58,css,93d06673,Zachary Loo,2026-04-10,15:40:05,-07:00,2026-04-10T15:40:05-07:00,0,0
style.css,59,css,8169f5c6,Zachary Loo,2026-05-01,15:29:48,-07:00,2026-05-01T15:29:48-07:00,0,7
style.css,60,css,8169f5c6,Zachary Loo,2026-05-01,15:29:48,-07:00,2026-05-01T15:29:48-07:00,2,12
style.css,61,css,8169f5c6,Zachary Loo,2026-05-01,15:29:48,-07:00,2026-05-01T15:29:48-07:00,2,57
style.css,62,css,8169f5c6,Zachary Loo,2026-05-01,15:29:48,-07:00,2026-05-01T15:29:48-07:00,2,7
style.css,63,css,8169f5c6,Zachary Loo,2026-05-01,15:29:48,-07:00,2026-05-01T15:29:48-07:00,2,13
style.css,64,css,8169f5c6,Zachary Loo,2026-05-01,15:29:48,-07:00,2026-05-01T15:29:48-07:00,2,6
style.css,65,css,8169f5c6,Zachary Loo,2026-05-01,15:29:48,-07:00,2026-05-01T15:29:48-07:00,2,45
style.css,66,css,8169f5c6,Zachary Loo,2026-05-01,15:29:48,-07:00,2026-05-01T15:29:48-07:00,2,43
style.css,67,css,8169f5c6,Zachary Loo,2026-05-01,15:29:48,-07:00,2026-05-01T15:29:48-07:00,0,0
style.css,68,css,8169f5c6,Zachary Loo,2026-05-01,15:29:48,-07:00,2026-05-01T15:29:48-07:00,0,0
style.css,69,css,8169f5c6,Zachary Loo,2026-05-01,15:29:48,-07:00,2026-05-01T15:29:48-07:00,0,10
style.css,70,css,8169f5c6,Zachary Loo,2026-05-01,15:29:48,-07:00,2026-05-01T15:29:48-07:00,2,12
style.css,71,css,8169f5c6,Zachary Loo,2026-05-01,15:29:48,-07:00,2026-05-01T15:29:48-07:00,2,18
style.css,72,css,8169f5c6,Zachary Loo,2026-05-01,15:29:48,-07:00,2026-05-01T15:29:48-07:00,2,9
style.css,73,css,8169f5c6,Zachary Loo,2026-05-01,15:29:48,-07:00,2026-05-01T15:29:48-07:00,0,0
style.css,74,css,8169f5c6,Zachary Loo,2026-05-01,15:29:48,-07:00,2026-05-01T15:29:48-07:00,0,0
style.css,75,css,8169f5c6,Zachary Loo,2026-05-01,15:29:48,-07:00,2026-05-01T15:29:48-07:00,0,0
style.css,76,css,8169f5c6,Zachary Loo,2026-05-01,15:29:48,-07:00,2026-05-01T15:29:48-07:00,0,10
style.css,77,css,8169f5c6,Zachary Loo,2026-05-01,15:29:48,-07:00,2026-05-01T15:29:48-07:00,0,0
style.css,78,css,8169f5c6,Zachary Loo,2026-05-01,15:29:48,-07:00,2026-05-01T15:29:48-07:00,2,12
style.css,79,css,8169f5c6,Zachary Loo,2026-05-01,15:29:48,-07:00,2026-05-01T15:29:48-07:00,2,16
style.css,80,css,8169f5c6,Zachary Loo,2026-05-01,15:29:48,-07:00,2026-05-01T15:29:48-07:00,2,29
style.css,81,css,8169f5c6,Zachary Loo,2026-05-01,15:29:48,-07:00,2026-05-01T15:29:48-07:00,2,17
style.css,82,css,8169f5c6,Zachary Loo,2026-05-01,15:29:48,-07:00,2026-05-01T15:29:48-07:00,0,0
style.css,83,css,8169f5c6,Zachary Loo,2026-05-01,15:29:48,-07:00,2026-05-01T15:29:48-07:00,0,0
style.css,84,css,8169f5c6,Zachary Loo,2026-05-01,15:29:48,-07:00,2026-05-01T15:29:48-07:00,0,0
style.css,85,css,8169f5c6,Zachary Loo,2026-05-01,15:29:48,-07:00,2026-05-01T15:29:48-07:00,0,0
style.css,86,css,8169f5c6,Zachary Loo,2026-05-01,15:29:48,-07:00,2026-05-01T15:29:48-07:00,0,0
style.css,87,css,93d06673,Zachary Loo,2026-04-10,15:40:05,-07:00,2026-04-10T15:40:05-07:00,0,3
style.css,88,css,4ef28afb,Zachary Loo,2026-04-17,11:44:49,-07:00,2026-04-17T11:44:49-07:00,0,0
style.css,89,css,8169f5c6,Zachary Loo,2026-05-01,15:29:48,-07:00,2026-05-01T15:29:48-07:00,0,0
style.css,90,css,312c3215,Zachary Loo,2026-04-22,15:06:36,-07:00,2026-04-22T15:06:36-07:00,0,0
style.css,91,css,93d06673,Zachary Loo,2026-04-10,15:40:05,-07:00,2026-04-10T15:40:05-07:00,2,12
style.css,92,css,93d06673,Zachary Loo,2026-04-10,15:40:05,-07:00,2026-04-10T15:40:05-07:00,2,17
style.css,93,css,4ef28afb,Zachary Loo,2026-04-17,11:44:49,-07:00,2026-04-17T11:44:49-07:00,2,21
style.css,94,css,312c3215,Zachary Loo,2026-04-22,15:06:36,-07:00,2026-04-22T15:06:36-07:00,2,23
style.css,95,css,4ef28afb,Zachary Loo,2026-04-17,11:44:49,-07:00,2026-04-17T11:44:49-07:00,0,0
style.css,96,css,4ef28afb,Zachary Loo,2026-04-17,11:44:49,-07:00,2026-04-17T11:44:49-07:00,2,39
style.css,97,css,93d06673,Zachary Loo,2026-04-10,15:40:05,-07:00,2026-04-10T15:40:05-07:00,0,0
style.css,98,css,93d06673,Zachary Loo,2026-04-10,15:40:05,-07:00,2026-04-10T15:40:05-07:00,0,0
style.css,99,css,93d06673,Zachary Loo,2026-04-10,15:40:05,-07:00,2026-04-10T15:40:05-07:00,2,1
style.css,100,css,93d06673,Zachary Loo,2026-04-10,15:40:05,-07:00,2026-04-10T15:40:05-07:00,4,6
style.css,101,css,93d06673,Zachary Loo,2026-04-10,15:40:05,-07:00,2026-04-10T15:40:05-07:00,4,20
style.css,102,css,93d06673,Zachary Loo,2026-04-10,15:40:05,-07:00,2026-04-10T15:40:05-07:00,4,13
style.css,103,css,93d06673,Zachary Loo,2026-04-10,15:40:05,-07:00,2026-04-10T15:40:05-07:00,4,17
style.css,104,css,93d06673,Zachary Loo,2026-04-10,15:40:05,-07:00,2026-04-10T15:40:05-07:00,4,13
style.css,105,css,93d06673,Zachary Loo,2026-04-10,15:40:05,-07:00,2026-04-10T15:40:05-07:00,0,0
style.css,106,css,93d06673,Zachary Loo,2026-04-10,15:40:05,-07:00,2026-04-10T15:40:05-07:00,4,7
style.css,107,css,4ef28afb,Zachary Loo,2026-04-17,11:44:49,-07:00,2026-04-17T11:44:49-07:00,6,69
style.css,108,css,93d06673,Zachary Loo,2026-04-10,15:40:05,-07:00,2026-04-10T15:40:05-07:00,6,45
style.css,109,css,93d06673,Zachary Loo,2026-04-10,15:40:05,-07:00,2026-04-10T15:40:05-07:00,6,20
style.css,110,css,93d06673,Zachary Loo,2026-04-10,15:40:05,-07:00,2026-04-10T15:40:05-07:00,4,0
style.css,111,css,93d06673,Zachary Loo,2026-04-10,15:40:05,-07:00,2026-04-10T15:40:05-07:00,0,0
style.css,112,css,93d06673,Zachary Loo,2026-04-10,15:40:05,-07:00,2026-04-10T15:40:05-07:00,2,0
style.css,113,css,93d06673,Zachary Loo,2026-04-10,15:40:05,-07:00,2026-04-10T15:40:05-07:00,0,0
style.css,114,css,93d06673,Zachary Loo,2026-04-10,15:40:05,-07:00,2026-04-10T15:40:05-07:00,0,0
style.css,115,css,93d06673,Zachary Loo,2026-04-10,15:40:05,-07:00,2026-04-10T15:40:05-07:00,2,8
style.css,116,css,84be405e,Zachary Loo,2026-04-17,12:11:07,-07:00,2026-04-17T12:11:07-07:00,4,45
style.css,117,css,93d06673,Zachary Loo,2026-04-10,15:40:05,-07:00,2026-04-10T15:40:05-07:00,4,20
style.css,118,css,93d06673,Zachary Loo,2026-04-10,15:40:05,-07:00,2026-04-10T15:40:05-07:00,0,0
style.css,119,css,93d06673,Zachary Loo,2026-04-10,15:40:05,-07:00,2026-04-10T15:40:05-07:00,2,0
style.css,120,css,93d06673,Zachary Loo,2026-04-10,15:40:05,-07:00,2026-04-10T15:40:05-07:00,0,0
style.css,121,css,93d06673,Zachary Loo,2026-04-10,15:40:05,-07:00,2026-04-10T15:40:05-07:00,0,0
style.css,122,css,93d06673,Zachary Loo,2026-04-10,15:40:05,-07:00,2026-04-10T15:40:05-07:00,0,0
style.css,123,css,93d06673,Zachary Loo,2026-04-10,15:40:05,-07:00,2026-04-10T15:40:05-07:00,0,4
style.css,124,css,93d06673,Zachary Loo,2026-04-10,15:40:05,-07:00,2026-04-10T15:40:05-07:00,2,12
style.css,125,css,312c3215,Zachary Loo,2026-04-22,15:06:36,-07:00,2026-04-22T15:06:36-07:00,2,30
style.css,126,css,312c3215,Zachary Loo,2026-04-22,15:06:36,-07:00,2026-04-22T15:06:36-07:00,2,7
style.css,127,css,93d06673,Zachary Loo,2026-04-10,15:40:05,-07:00,2026-04-10T15:40:05-07:00,0,0
style.css,128,css,93d06673,Zachary Loo,2026-04-10,15:40:05,-07:00,2026-04-10T15:40:05-07:00,2,5
style.css,129,css,312c3215,Zachary Loo,2026-04-22,15:06:36,-07:00,2026-04-22T15:06:36-07:00,4,12
style.css,130,css,93d06673,Zachary Loo,2026-04-10,15:40:05,-07:00,2026-04-10T15:40:05-07:00,4,29
style.css,131,css,93d06673,Zachary Loo,2026-04-10,15:40:05,-07:00,2026-04-10T15:40:05-07:00,0,0
style.css,132,css,93d06673,Zachary Loo,2026-04-10,15:40:05,-07:00,2026-04-10T15:40:05-07:00,2,0
style.css,133,css,312c3215,Zachary Loo,2026-04-22,15:06:36,-07:00,2026-04-22T15:06:36-07:00,0,0
style.css,134,css,312c3215,Zachary Loo,2026-04-22,15:06:36,-07:00,2026-04-22T15:06:36-07:00,2,4
style.css,135,css,312c3215,Zachary Loo,2026-04-22,15:06:36,-07:00,2026-04-22T15:06:36-07:00,2,6
style.css,136,css,93d06673,Zachary Loo,2026-04-10,15:40:05,-07:00,2026-04-10T15:40:05-07:00,4,18
style.css,137,css,93d06673,Zachary Loo,2026-04-10,15:40:05,-07:00,2026-04-10T15:40:05-07:00,0,0
style.css,138,css,93d06673,Zachary Loo,2026-04-10,15:40:05,-07:00,2026-04-10T15:40:05-07:00,2,0
style.css,139,css,312c3215,Zachary Loo,2026-04-22,15:06:36,-07:00,2026-04-22T15:06:36-07:00,0,0
style.css,140,css,312c3215,Zachary Loo,2026-04-22,15:06:36,-07:00,2026-04-22T15:06:36-07:00,2,4
style.css,141,css,312c3215,Zachary Loo,2026-04-22,15:06:36,-07:00,2026-04-22T15:06:36-07:00,2,7
style.css,142,css,312c3215,Zachary Loo,2026-04-22,15:06:36,-07:00,2026-04-22T15:06:36-07:00,2,6
style.css,143,css,312c3215,Zachary Loo,2026-04-22,15:06:36,-07:00,2026-04-22T15:06:36-07:00,4,12
style.css,144,css,93d06673,Zachary Loo,2026-04-10,15:40:05,-07:00,2026-04-10T15:40:05-07:00,2,0
style.css,145,css,312c3215,Zachary Loo,2026-04-22,15:06:36,-07:00,2026-04-22T15:06:36-07:00,0,0
style.css,146,css,93d06673,Zachary Loo,2026-04-10,15:40:05,-07:00,2026-04-10T15:40:05-07:00,0,0
style.css,147,css,93d06673,Zachary Loo,2026-04-10,15:40:05,-07:00,2026-04-10T15:40:05-07:00,0,0
style.css,148,css,93d06673,Zachary Loo,2026-04-10,15:40:05,-07:00,2026-04-10T15:40:05-07:00,0,9
style.css,149,css,312c3215,Zachary Loo,2026-04-22,15:06:36,-07:00,2026-04-22T15:06:36-07:00,2,12
style.css,150,css,312c3215,Zachary Loo,2026-04-22,15:06:36,-07:00,2026-04-22T15:06:36-07:00,2,58
style.css,151,css,93d06673,Zachary Loo,2026-04-10,15:40:05,-07:00,2026-04-10T15:40:05-07:00,2,7
style.css,152,css,312c3215,Zachary Loo,2026-04-22,15:06:36,-07:00,2026-04-22T15:06:36-07:00,0,0
style.css,153,css,93d06673,Zachary Loo,2026-04-10,15:40:05,-07:00,2026-04-10T15:40:05-07:00,2,7
style.css,154,css,312c3215,Zachary Loo,2026-04-22,15:06:36,-07:00,2026-04-22T15:06:36-07:00,4,12
style.css,155,css,312c3215,Zachary Loo,2026-04-22,15:06:36,-07:00,2026-04-22T15:06:36-07:00,4,26
style.css,156,css,93d06673,Zachary Loo,2026-04-10,15:40:05,-07:00,2026-04-10T15:40:05-07:00,4,15
style.css,157,css,312c3215,Zachary Loo,2026-04-22,15:06:36,-07:00,2026-04-22T15:06:36-07:00,0,0
style.css,158,css,93d06673,Zachary Loo,2026-04-10,15:40:05,-07:00,2026-04-10T15:40:05-07:00,2,0
style.css,159,css,93d06673,Zachary Loo,2026-04-10,15:40:05,-07:00,2026-04-10T15:40:05-07:00,0,0
style.css,160,css,312c3215,Zachary Loo,2026-04-22,15:06:36,-07:00,2026-04-22T15:06:36-07:00,2,2
style.css,161,css,312c3215,Zachary Loo,2026-04-22,15:06:36,-07:00,2026-04-22T15:06:36-07:00,4,8
style.css,162,css,93d06673,Zachary Loo,2026-04-10,15:40:05,-07:00,2026-04-10T15:40:05-07:00,2,0
style.css,163,css,93d06673,Zachary Loo,2026-04-10,15:40:05,-07:00,2026-04-10T15:40:05-07:00,0,0
style.css,164,css,312c3215,Zachary Loo,2026-04-22,15:06:36,-07:00,2026-04-22T15:06:36-07:00,0,0
style.css,165,css,93d06673,Zachary Loo,2026-04-10,15:40:05,-07:00,2026-04-10T15:40:05-07:00,0,7
style.css,166,css,312c3215,Zachary Loo,2026-04-22,15:06:36,-07:00,2026-04-22T15:06:36-07:00,2,12
style.css,167,css,93d06673,Zachary Loo,2026-04-10,15:40:05,-07:00,2026-04-10T15:40:05-07:00,2,36
style.css,168,css,93d06673,Zachary Loo,2026-04-10,15:40:05,-07:00,2026-04-10T15:40:05-07:00,2,34
style.css,169,css,312c3215,Zachary Loo,2026-04-22,15:06:36,-07:00,2026-04-22T15:06:36-07:00,2,14
style.css,170,css,93d06673,Zachary Loo,2026-04-10,15:40:05,-07:00,2026-04-10T15:40:05-07:00,2,11
style.css,171,css,93d06673,Zachary Loo,2026-04-10,15:40:05,-07:00,2026-04-10T15:40:05-07:00,0,0
style.css,172,css,93d06673,Zachary Loo,2026-04-10,15:40:05,-07:00,2026-04-10T15:40:05-07:00,2,2
style.css,173,css,93d06673,Zachary Loo,2026-04-10,15:40:05,-07:00,2026-04-10T15:40:05-07:00,4,45
style.css,174,css,93d06673,Zachary Loo,2026-04-10,15:40:05,-07:00,2026-04-10T15:40:05-07:00,2,0
style.css,175,css,312c3215,Zachary Loo,2026-04-22,15:06:36,-07:00,2026-04-22T15:06:36-07:00,0,0
style.css,176,css,93d06673,Zachary Loo,2026-04-10,15:40:05,-07:00,2026-04-10T15:40:05-07:00,2,2
style.css,177,css,93d06673,Zachary Loo,2026-04-10,15:40:05,-07:00,2026-04-10T15:40:05-07:00,4,43
style.css,178,css,93d06673,Zachary Loo,2026-04-10,15:40:05,-07:00,2026-04-10T15:40:05-07:00,4,13
style.css,179,css,4ef28afb,Zachary Loo,2026-04-17,11:44:49,-07:00,2026-04-17T11:44:49-07:00,4,72
style.css,180,css,93d06673,Zachary Loo,2026-04-10,15:40:05,-07:00,2026-04-10T15:40:05-07:00,2,0
style.css,181,css,312c3215,Zachary Loo,2026-04-22,15:06:36,-07:00,2026-04-22T15:06:36-07:00,0,0
style.css,182,css,93d06673,Zachary Loo,2026-04-10,15:40:05,-07:00,2026-04-10T15:40:05-07:00,2,4
style.css,183,css,312c3215,Zachary Loo,2026-04-22,15:06:36,-07:00,2026-04-22T15:06:36-07:00,4,47
style.css,184,css,312c3215,Zachary Loo,2026-04-22,15:06:36,-07:00,2026-04-22T15:06:36-07:00,4,0
style.css,185,css,93d06673,Zachary Loo,2026-04-10,15:40:05,-07:00,2026-04-10T15:40:05-07:00,2,0
style.css,186,css,93d06673,Zachary Loo,2026-04-10,15:40:05,-07:00,2026-04-10T15:40:05-07:00,0,0
style.css,187,css,312c3215,Zachary Loo,2026-04-22,15:06:36,-07:00,2026-04-22T15:06:36-07:00,2,7
style.css,188,css,93d06673,Zachary Loo,2026-04-10,15:40:05,-07:00,2026-04-10T15:40:05-07:00,4,17
style.css,189,css,93d06673,Zachary Loo,2026-04-10,15:40:05,-07:00,2026-04-10T15:40:05-07:00,2,0
style.css,190,css,312c3215,Zachary Loo,2026-04-22,15:06:36,-07:00,2026-04-22T15:06:36-07:00,0,0
style.css,191,css,93d06673,Zachary Loo,2026-04-10,15:40:05,-07:00,2026-04-10T15:40:05-07:00,0,0
style.css,192,css,312c3215,Zachary Loo,2026-04-22,15:06:36,-07:00,2026-04-22T15:06:36-07:00,0,0
style.css,193,css,93d06673,Zachary Loo,2026-04-10,15:40:05,-07:00,2026-04-10T15:40:05-07:00,0,5
style.css,194,css,312c3215,Zachary Loo,2026-04-22,15:06:36,-07:00,2026-04-22T15:06:36-07:00,2,15
style.css,195,css,312c3215,Zachary Loo,2026-04-22,15:06:36,-07:00,2026-04-22T15:06:36-07:00,2,13
style.css,196,css,93d06673,Zachary Loo,2026-04-10,15:40:05,-07:00,2026-04-10T15:40:05-07:00,0,0
style.css,197,css,312c3215,Zachary Loo,2026-04-22,15:06:36,-07:00,2026-04-22T15:06:36-07:00,0,0
style.css,198,css,93d06673,Zachary Loo,2026-04-10,15:40:05,-07:00,2026-04-10T15:40:05-07:00,0,7
style.css,199,css,312c3215,Zachary Loo,2026-04-22,15:06:36,-07:00,2026-04-22T15:06:36-07:00,2,15
style.css,200,css,312c3215,Zachary Loo,2026-04-22,15:06:36,-07:00,2026-04-22T15:06:36-07:00,2,13
style.css,201,css,312c3215,Zachary Loo,2026-04-22,15:06:36,-07:00,2026-04-22T15:06:36-07:00,0,0
style.css,202,css,312c3215,Zachary Loo,2026-04-22,15:06:36,-07:00,2026-04-22T15:06:36-07:00,0,0
style.css,203,css,312c3215,Zachary Loo,2026-04-22,15:06:36,-07:00,2026-04-22T15:06:36-07:00,0,16
style.css,204,css,312c3215,Zachary Loo,2026-04-22,15:06:36,-07:00,2026-04-22T15:06:36-07:00,0,4
style.css,205,css,312c3215,Zachary Loo,2026-04-22,15:06:36,-07:00,2026-04-22T15:06:36-07:00,2,15
style.css,206,css,93d06673,Zachary Loo,2026-04-10,15:40:05,-07:00,2026-04-10T15:40:05-07:00,0,0
style.css,207,css,4ef28afb,Zachary Loo,2026-04-17,11:44:49,-07:00,2026-04-17T11:44:49-07:00,0,0
style.css,208,css,312c3215,Zachary Loo,2026-04-22,15:06:36,-07:00,2026-04-22T15:06:36-07:00,0,14
style.css,209,css,312c3215,Zachary Loo,2026-04-22,15:06:36,-07:00,2026-04-22T15:06:36-07:00,2,12
style.css,210,css,312c3215,Zachary Loo,2026-04-22,15:06:36,-07:00,2026-04-22T15:06:36-07:00,0,0
style.css,211,css,312c3215,Zachary Loo,2026-04-22,15:06:36,-07:00,2026-04-22T15:06:36-07:00,0,0
style.css,212,css,312c3215,Zachary Loo,2026-04-22,15:06:36,-07:00,2026-04-22T15:06:36-07:00,2,2
style.css,213,css,312c3215,Zachary Loo,2026-04-22,15:06:36,-07:00,2026-04-22T15:06:36-07:00,4,12
style.css,214,css,312c3215,Zachary Loo,2026-04-22,15:06:36,-07:00,2026-04-22T15:06:36-07:00,4,36
style.css,215,css,312c3215,Zachary Loo,2026-04-22,15:06:36,-07:00,2026-04-22T15:06:36-07:00,2,0
style.css,216,css,312c3215,Zachary Loo,2026-04-22,15:06:36,-07:00,2026-04-22T15:06:36-07:00,0,0
style.css,217,css,312c3215,Zachary Loo,2026-04-22,15:06:36,-07:00,2026-04-22T15:06:36-07:00,2,2
style.css,218,css,312c3215,Zachary Loo,2026-04-22,15:06:36,-07:00,2026-04-22T15:06:36-07:00,4,10
style.css,219,css,312c3215,Zachary Loo,2026-04-22,15:06:36,-07:00,2026-04-22T15:06:36-07:00,2,0
style.css,220,css,312c3215,Zachary Loo,2026-04-22,15:06:36,-07:00,2026-04-22T15:06:36-07:00,0,0
style.css,221,css,312c3215,Zachary Loo,2026-04-22,15:06:36,-07:00,2026-04-22T15:06:36-07:00,2,2
style.css,222,css,312c3215,Zachary Loo,2026-04-22,15:06:36,-07:00,2026-04-22T15:06:36-07:00,4,10
style.css,223,css,312c3215,Zachary Loo,2026-04-22,15:06:36,-07:00,2026-04-22T15:06:36-07:00,4,8
style.css,224,css,312c3215,Zachary Loo,2026-04-22,15:06:36,-07:00,2026-04-22T15:06:36-07:00,4,14
style.css,225,css,312c3215,Zachary Loo,2026-04-22,15:06:36,-07:00,2026-04-22T15:06:36-07:00,2,0
style.css,226,css,312c3215,Zachary Loo,2026-04-22,15:06:36,-07:00,2026-04-22T15:06:36-07:00,0,0
style.css,227,css,312c3215,Zachary Loo,2026-04-22,15:06:36,-07:00,2026-04-22T15:06:36-07:00,0,0
style.css,228,css,312c3215,Zachary Loo,2026-04-22,15:06:36,-07:00,2026-04-22T15:06:36-07:00,0,0
style.css,229,css,312c3215,Zachary Loo,2026-04-22,15:06:36,-07:00,2026-04-22T15:06:36-07:00,0,0
style.css,230,css,8169f5c6,Zachary Loo,2026-05-01,15:29:48,-07:00,2026-05-01T15:29:48-07:00,0,0
style.css,231,css,8169f5c6,Zachary Loo,2026-05-01,15:29:48,-07:00,2026-05-01T15:29:48-07:00,0,0
style.css,232,css,8169f5c6,Zachary Loo,2026-05-01,15:29:48,-07:00,2026-05-01T15:29:48-07:00,0,18
style.css,233,css,8169f5c6,Zachary Loo,2026-05-01,15:29:48,-07:00,2026-05-01T15:29:48-07:00,2,14
style.css,234,css,8169f5c6,Zachary Loo,2026-05-01,15:29:48,-07:00,2026-05-01T15:29:48-07:00,2,16
style.css,235,css,8169f5c6,Zachary Loo,2026-05-01,15:29:48,-07:00,2026-05-01T15:29:48-07:00,0,0
style.css,236,css,8169f5c6,Zachary Loo,2026-05-01,15:29:48,-07:00,2026-05-01T15:29:48-07:00,2,16
style.css,237,css,8169f5c6,Zachary Loo,2026-05-01,15:29:48,-07:00,2026-05-01T15:29:48-07:00,0,0
style.css,238,css,8169f5c6,Zachary Loo,2026-05-01,15:29:48,-07:00,2026-05-01T15:29:48-07:00,0,0
style.css,239,css,8169f5c6,Zachary Loo,2026-05-01,15:29:48,-07:00,2026-05-01T15:29:48-07:00,0,13
style.css,240,css,8169f5c6,Zachary Loo,2026-05-01,15:29:48,-07:00,2026-05-01T15:29:48-07:00,0,17
style.css,241,css,8169f5c6,Zachary Loo,2026-05-01,15:29:48,-07:00,2026-05-01T15:29:48-07:00,2,16
style.css,242,css,8169f5c6,Zachary Loo,2026-05-01,15:29:48,-07:00,2026-05-01T15:29:48-07:00,4,11
style.css,243,css,8169f5c6,Zachary Loo,2026-05-01,15:29:48,-07:00,2026-05-01T15:29:48-07:00,2,0
style.css,244,css,8169f5c6,Zachary Loo,2026-05-01,15:29:48,-07:00,2026-05-01T15:29:48-07:00,0,0
style.css,245,css,8169f5c6,Zachary Loo,2026-05-01,15:29:48,-07:00,2026-05-01T15:29:48-07:00,0,0
style.css,246,css,8169f5c6,Zachary Loo,2026-05-01,15:29:48,-07:00,2026-05-01T15:29:48-07:00,0,4
style.css,247,css,8169f5c6,Zachary Loo,2026-05-01,15:29:48,-07:00,2026-05-01T15:29:48-07:00,2,16
style.css,248,css,8169f5c6,Zachary Loo,2026-05-01,15:29:48,-07:00,2026-05-01T15:29:48-07:00,2,14
style.css,249,css,8169f5c6,Zachary Loo,2026-05-01,15:29:48,-07:00,2026-05-01T15:29:48-07:00,0,0
style.css,250,css,8169f5c6,Zachary Loo,2026-05-01,15:29:48,-07:00,2026-05-01T15:29:48-07:00,0,0
style.css,251,css,8169f5c6,Zachary Loo,2026-05-01,15:29:48,-07:00,2026-05-01T15:29:48-07:00,0,31
style.css,252,css,8169f5c6,Zachary Loo,2026-05-01,15:29:48,-07:00,2026-05-01T15:29:48-07:00,0,9
style.css,253,css,8169f5c6,Zachary Loo,2026-05-01,15:29:48,-07:00,2026-05-01T15:29:48-07:00,2,35
style.css,254,css,8169f5c6,Zachary Loo,2026-05-01,15:29:48,-07:00,2026-05-01T15:29:48-07:00,0,0
style.css,255,css,8169f5c6,Zachary Loo,2026-05-01,15:29:48,-07:00,2026-05-01T15:29:48-07:00,2,10
style.css,256,css,8169f5c6,Zachary Loo,2026-05-01,15:29:48,-07:00,2026-05-01T15:29:48-07:00,4,17
style.css,257,css,8169f5c6,Zachary Loo,2026-05-01,15:29:48,-07:00,2026-05-01T15:29:48-07:00,2,0
style.css,258,css,8169f5c6,Zachary Loo,2026-05-01,15:29:48,-07:00,2026-05-01T15:29:48-07:00,0,0
style.css,259,css,8169f5c6,Zachary Loo,2026-05-01,15:29:48,-07:00,2026-05-01T15:29:48-07:00,2,8
style.css,260,css,8169f5c6,Zachary Loo,2026-05-01,15:29:48,-07:00,2026-05-01T15:29:48-07:00,4,12
style.css,261,css,8169f5c6,Zachary Loo,2026-05-01,15:29:48,-07:00,2026-05-01T15:29:48-07:00,4,18
style.css,262,css,8169f5c6,Zachary Loo,2026-05-01,15:29:48,-07:00,2026-05-01T15:29:48-07:00,4,9
style.css,263,css,8169f5c6,Zachary Loo,2026-05-01,15:29:48,-07:00,2026-05-01T15:29:48-07:00,2,0
style.css,264,css,312c3215,Zachary Loo,2026-04-22,15:06:36,-07:00,2026-04-22T15:06:36-07:00,0,0
index.js,1,js,312c3215,Zachary Loo,2026-04-22,15:06:36,-07:00,2026-04-22T15:06:36-07:00,0,71
index.js,2,js,312c3215,Zachary Loo,2026-04-22,15:06:36,-07:00,2026-04-22T15:06:36-07:00,0,0
index.js,3,js,312c3215,Zachary Loo,2026-04-22,15:06:36,-07:00,2026-04-22T15:06:36-07:00,0,54
index.js,4,js,312c3215,Zachary Loo,2026-04-22,15:06:36,-07:00,2026-04-22T15:06:36-07:00,0,42
index.js,5,js,312c3215,Zachary Loo,2026-04-22,15:06:36,-07:00,2026-04-22T15:06:36-07:00,0,0
index.js,6,js,312c3215,Zachary Loo,2026-04-22,15:06:36,-07:00,2026-04-22T15:06:36-07:00,0,60
index.js,7,js,312c3215,Zachary Loo,2026-04-22,15:06:36,-07:00,2026-04-22T15:06:36-07:00,0,0
index.js,8,js,312c3215,Zachary Loo,2026-04-22,15:06:36,-07:00,2026-04-22T15:06:36-07:00,0,25
index.js,9,js,312c3215,Zachary Loo,2026-04-22,15:06:36,-07:00,2026-04-22T15:06:36-07:00,0,49
index.js,10,js,312c3215,Zachary Loo,2026-04-22,15:06:36,-07:00,2026-04-22T15:06:36-07:00,0,60
index.js,11,js,312c3215,Zachary Loo,2026-04-22,15:06:36,-07:00,2026-04-22T15:06:36-07:00,0,0
index.js,12,js,312c3215,Zachary Loo,2026-04-22,15:06:36,-07:00,2026-04-22T15:06:36-07:00,0,17
index.js,13,js,312c3215,Zachary Loo,2026-04-22,15:06:36,-07:00,2026-04-22T15:06:36-07:00,1,24
index.js,14,js,312c3215,Zachary Loo,2026-04-22,15:06:36,-07:00,2026-04-22T15:06:36-07:00,4,2
index.js,15,js,312c3215,Zachary Loo,2026-04-22,15:06:36,-07:00,2026-04-22T15:06:36-07:00,5,55
index.js,16,js,312c3215,Zachary Loo,2026-04-22,15:06:36,-07:00,2026-04-22T15:06:36-07:00,5,55
index.js,17,js,312c3215,Zachary Loo,2026-04-22,15:06:36,-07:00,2026-04-22T15:06:36-07:00,5,49
index.js,18,js,312c3215,Zachary Loo,2026-04-22,15:06:36,-07:00,2026-04-22T15:06:36-07:00,5,49
index.js,19,js,312c3215,Zachary Loo,2026-04-22,15:06:36,-07:00,2026-04-22T15:06:36-07:00,4,3
index.js,20,js,312c3215,Zachary Loo,2026-04-22,15:06:36,-07:00,2026-04-22T15:06:36-07:00,2,0
index.js,21,js,312c3215,Zachary Loo,2026-04-22,15:06:36,-07:00,2026-04-22T15:06:36-07:00,0,0
index.js,22,js,312c3215,Zachary Loo,2026-04-22,15:06:36,-07:00,2026-04-22T15:06:36-07:00,0,0
index.js,23,js,312c3215,Zachary Loo,2026-04-22,15:06:36,-07:00,2026-04-22T15:06:36-07:00,0,32
index.js,24,js,312c3215,Zachary Loo,2026-04-22,15:06:36,-07:00,2026-04-22T15:06:36-07:00,0,0
index.js,25,js,312c3215,Zachary Loo,2026-04-22,15:06:36,-07:00,2026-04-22T15:06:36-07:00,0,54
index.html,1,html,b7f3439f,Zachary Loo,2026-04-01,15:43:42,-07:00,2026-04-01T15:43:42-07:00,0,13
index.html,2,html,b7f3439f,Zachary Loo,2026-04-01,15:43:42,-07:00,2026-04-01T15:43:42-07:00,0,14
index.html,3,html,312c3215,Zachary Loo,2026-04-22,15:06:36,-07:00,2026-04-22T15:06:36-07:00,0,0
index.html,4,html,b7f3439f,Zachary Loo,2026-04-01,15:43:42,-07:00,2026-04-01T15:43:42-07:00,0,4
index.html,5,html,b7f3439f,Zachary Loo,2026-04-01,15:43:42,-07:00,2026-04-01T15:43:42-07:00,2,20
index.html,6,html,b7f3439f,Zachary Loo,2026-04-01,15:43:42,-07:00,2026-04-01T15:43:42-07:00,2,68
index.html,7,html,b7f3439f,Zachary Loo,2026-04-01,15:43:42,-07:00,2026-04-01T15:43:42-07:00,2,53
index.html,8,html,323db6b6,Zachary Loo,2026-04-02,16:41:08,-07:00,2026-04-02T16:41:08-07:00,2,38
index.html,9,html,312c3215,Zachary Loo,2026-04-22,15:06:36,-07:00,2026-04-22T15:06:36-07:00,2,45
index.html,10,html,312c3215,Zachary Loo,2026-04-22,15:06:36,-07:00,2026-04-22T15:06:36-07:00,2,50
index.html,11,html,312c3215,Zachary Loo,2026-04-22,15:06:36,-07:00,2026-04-22T15:06:36-07:00,0,0
index.html,12,html,4ef28afb,Zachary Loo,2026-04-17,11:44:49,-07:00,2026-04-17T11:44:49-07:00,0,0
index.html,13,html,b7f3439f,Zachary Loo,2026-04-01,15:43:42,-07:00,2026-04-01T15:43:42-07:00,0,5
index.html,14,html,312c3215,Zachary Loo,2026-04-22,15:06:36,-07:00,2026-04-22T15:06:36-07:00,0,0
index.html,15,html,b7f3439f,Zachary Loo,2026-04-01,15:43:42,-07:00,2026-04-01T15:43:42-07:00,0,4
index.html,16,html,312c3215,Zachary Loo,2026-04-22,15:06:36,-07:00,2026-04-22T15:06:36-07:00,2,41
index.html,17,html,312c3215,Zachary Loo,2026-04-22,15:06:36,-07:00,2026-04-22T15:06:36-07:00,2,8
index.html,18,html,93d06673,Zachary Loo,2026-04-10,15:40:05,-07:00,2026-04-10T15:40:05-07:00,6,2
index.html,19,html,93d06673,Zachary Loo,2026-04-10,15:40:05,-07:00,2026-04-10T15:40:05-07:00,8,0
index.html,20,html,4ef28afb,Zachary Loo,2026-04-17,11:44:49,-07:00,2026-04-17T11:44:49-07:00,8,44
index.html,21,html,93d06673,Zachary Loo,2026-04-10,15:40:05,-07:00,2026-04-10T15:40:05-07:00,8,51
index.html,22,html,93d06673,Zachary Loo,2026-04-10,15:40:05,-07:00,2026-04-10T15:40:05-07:00,8,52
index.html,23,html,93d06673,Zachary Loo,2026-04-10,15:40:05,-07:00,2026-04-10T15:40:05-07:00,8,52
index.html,24,html,93d06673,Zachary Loo,2026-04-10,15:40:05,-07:00,2026-04-10T15:40:05-07:00,8,86
index.html,25,html,03892af3,Zachary Loo,2026-04-03,14:22:21,-07:00,2026-04-03T14:22:21-07:00,0,0
index.html,26,html,93d06673,Zachary Loo,2026-04-10,15:40:05,-07:00,2026-04-10T15:40:05-07:00,6,3
index.html,27,html,93d06673,Zachary Loo,2026-04-10,15:40:05,-07:00,2026-04-10T15:40:05-07:00,0,0
index.html,28,html,4ef28afb,Zachary Loo,2026-04-17,11:44:49,-07:00,2026-04-17T11:44:49-07:00,4,8
index.html,29,html,323db6b6,Zachary Loo,2026-04-02,16:41:08,-07:00,2026-04-02T16:41:08-07:00,0,0
index.html,30,html,b7f3439f,Zachary Loo,2026-04-01,15:43:42,-07:00,2026-04-01T15:43:42-07:00,2,18
index.html,31,html,312c3215,Zachary Loo,2026-04-22,15:06:36,-07:00,2026-04-22T15:06:36-07:00,2,109
index.html,32,html,312c3215,Zachary Loo,2026-04-22,15:06:36,-07:00,2026-04-22T15:06:36-07:00,4,20
index.html,33,html,312c3215,Zachary Loo,2026-04-22,15:06:36,-07:00,2026-04-22T15:06:36-07:00,2,2
index.html,34,html,312c3215,Zachary Loo,2026-04-22,15:06:36,-07:00,2026-04-22T15:06:36-07:00,0,0
index.html,35,html,312c3215,Zachary Loo,2026-04-22,15:06:36,-07:00,2026-04-22T15:06:36-07:00,2,35
index.html,36,html,312c3215,Zachary Loo,2026-04-22,15:06:36,-07:00,2026-04-22T15:06:36-07:00,2,24
index.html,37,html,312c3215,Zachary Loo,2026-04-22,15:06:36,-07:00,2026-04-22T15:06:36-07:00,4,49
index.html,38,html,312c3215,Zachary Loo,2026-04-22,15:06:36,-07:00,2026-04-22T15:06:36-07:00,2,4
index.html,39,html,312c3215,Zachary Loo,2026-04-22,15:06:36,-07:00,2026-04-22T15:06:36-07:00,0,0
index.html,40,html,312c3215,Zachary Loo,2026-04-22,15:06:36,-07:00,2026-04-22T15:06:36-07:00,2,22
index.html,41,html,312c3215,Zachary Loo,2026-04-22,15:06:36,-07:00,2026-04-22T15:06:36-07:00,2,20
index.html,42,html,312c3215,Zachary Loo,2026-04-22,15:06:36,-07:00,2026-04-22T15:06:36-07:00,4,49
index.html,43,html,312c3215,Zachary Loo,2026-04-22,15:06:36,-07:00,2026-04-22T15:06:36-07:00,2,4
index.html,44,html,312c3215,Zachary Loo,2026-04-22,15:06:36,-07:00,2026-04-22T15:06:36-07:00,0,0
index.html,45,html,312c3215,Zachary Loo,2026-04-22,15:06:36,-07:00,2026-04-22T15:06:36-07:00,2,102
index.html,46,html,312c3215,Zachary Loo,2026-04-22,15:06:36,-07:00,2026-04-22T15:06:36-07:00,4,10
index.html,47,html,312c3215,Zachary Loo,2026-04-22,15:06:36,-07:00,2026-04-22T15:06:36-07:00,0,0
index.html,48,html,b7f3439f,Zachary Loo,2026-04-01,15:43:42,-07:00,2026-04-01T15:43:42-07:00,0,5
index.html,49,html,312c3215,Zachary Loo,2026-04-22,15:06:36,-07:00,2026-04-22T15:06:36-07:00,0,0
index.html,50,html,b7f3439f,Zachary Loo,2026-04-01,15:43:42,-07:00,2026-04-01T15:43:42-07:00,0,5
global.js,1,js,4ef28afb,Zachary Loo,2026-04-17,11:44:49,-07:00,2026-04-17T11:44:49-07:00,0,24
global.js,2,js,4ef28afb,Zachary Loo,2026-04-17,11:44:49,-07:00,2026-04-17T11:44:49-07:00,0,0
global.js,3,js,4ef28afb,Zachary Loo,2026-04-17,11:44:49,-07:00,2026-04-17T11:44:49-07:00,0,41
global.js,4,js,4ef28afb,Zachary Loo,2026-04-17,11:44:49,-07:00,2026-04-17T11:44:49-07:00,2,52
global.js,5,js,4ef28afb,Zachary Loo,2026-04-17,11:44:49,-07:00,2026-04-17T11:44:49-07:00,0,0
global.js,6,js,4ef28afb,Zachary Loo,2026-04-17,11:44:49,-07:00,2026-04-17T11:44:49-07:00,0,0
global.js,7,js,4ef28afb,Zachary Loo,2026-04-17,11:44:49,-07:00,2026-04-17T11:44:49-07:00,0,0
global.js,8,js,4ef28afb,Zachary Loo,2026-04-17,11:44:49,-07:00,2026-04-17T11:44:49-07:00,0,7
global.js,9,js,4ef28afb,Zachary Loo,2026-04-17,11:44:49,-07:00,2026-04-17T11:44:49-07:00,0,27
global.js,10,js,4ef28afb,Zachary Loo,2026-04-17,11:44:49,-07:00,2026-04-17T11:44:49-07:00,0,0
global.js,11,js,4ef28afb,Zachary Loo,2026-04-17,11:44:49,-07:00,2026-04-17T11:44:49-07:00,0,33
global.js,12,js,4ef28afb,Zachary Loo,2026-04-17,11:44:49,-07:00,2026-04-17T11:44:49-07:00,0,73
global.js,13,js,4ef28afb,Zachary Loo,2026-04-17,11:44:49,-07:00,2026-04-17T11:44:49-07:00,0,2
global.js,14,js,4ef28afb,Zachary Loo,2026-04-17,11:44:49,-07:00,2026-04-17T11:44:49-07:00,0,0
global.js,15,js,4ef28afb,Zachary Loo,2026-04-17,11:44:49,-07:00,2026-04-17T11:44:49-07:00,0,27
global.js,16,js,4ef28afb,Zachary Loo,2026-04-17,11:44:49,-07:00,2026-04-17T11:44:49-07:00,0,18
global.js,17,js,4ef28afb,Zachary Loo,2026-04-17,11:44:49,-07:00,2026-04-17T11:44:49-07:00,0,41
global.js,18,js,4ef28afb,Zachary Loo,2026-04-17,11:44:49,-07:00,2026-04-17T11:44:49-07:00,0,2
global.js,19,js,4ef28afb,Zachary Loo,2026-04-17,11:44:49,-07:00,2026-04-17T11:44:49-07:00,0,0
global.js,20,js,4ef28afb,Zachary Loo,2026-04-17,11:44:49,-07:00,2026-04-17T11:44:49-07:00,0,11
global.js,21,js,312c3215,Zachary Loo,2026-04-22,15:06:36,-07:00,2026-04-22T15:06:36-07:00,2,35
global.js,22,js,312c3215,Zachary Loo,2026-04-22,15:06:36,-07:00,2026-04-22T15:06:36-07:00,2,48
global.js,23,js,312c3215,Zachary Loo,2026-04-22,15:06:36,-07:00,2026-04-22T15:06:36-07:00,2,44
global.js,24,js,312c3215,Zachary Loo,2026-04-22,15:06:36,-07:00,2026-04-22T15:06:36-07:00,2,49
global.js,25,js,00000000,Not Committed Yet,2026-05-08,02:00:33,-07:00,2026-05-08T02:00:33-07:00,2,40
global.js,26,js,00000000,Not Committed Yet,2026-05-08,02:00:33,-07:00,2026-05-08T02:00:33-07:00,2,52
global.js,27,js,4ef28afb,Zachary Loo,2026-04-17,11:44:49,-07:00,2026-04-17T11:44:49-07:00,0,0
global.js,28,js,4ef28afb,Zachary Loo,2026-04-17,11:44:49,-07:00,2026-04-17T11:44:49-07:00,0,0
global.js,29,js,4ef28afb,Zachary Loo,2026-04-17,11:44:49,-07:00,2026-04-17T11:44:49-07:00,0,38
global.js,30,js,4ef28afb,Zachary Loo,2026-04-17,11:44:49,-07:00,2026-04-17T11:44:49-07:00,0,25
global.js,31,js,4ef28afb,Zachary Loo,2026-04-17,11:44:49,-07:00,2026-04-17T11:44:49-07:00,0,0
global.js,32,js,4ef28afb,Zachary Loo,2026-04-17,11:44:49,-07:00,2026-04-17T11:44:49-07:00,0,88
global.js,33,js,4ef28afb,Zachary Loo,2026-04-17,11:44:49,-07:00,2026-04-17T11:44:49-07:00,0,0
global.js,34,js,312c3215,Zachary Loo,2026-04-22,15:06:36,-07:00,2026-04-22T15:06:36-07:00,2,3
global.js,35,js,312c3215,Zachary Loo,2026-04-22,15:06:36,-07:00,2026-04-22T15:06:36-07:00,2,14
global.js,36,js,4ef28afb,Zachary Loo,2026-04-17,11:44:49,-07:00,2026-04-17T11:44:49-07:00,0,0
global.js,37,js,4ef28afb,Zachary Loo,2026-04-17,11:44:49,-07:00,2026-04-17T11:44:49-07:00,0,20
global.js,38,js,4ef28afb,Zachary Loo,2026-04-17,11:44:49,-07:00,2026-04-17T11:44:49-07:00,2,14
global.js,39,js,4ef28afb,Zachary Loo,2026-04-17,11:44:49,-07:00,2026-04-17T11:44:49-07:00,2,18
global.js,40,js,4ef28afb,Zachary Loo,2026-04-17,11:44:49,-07:00,2026-04-17T11:44:49-07:00,0,0
global.js,41,js,4ef28afb,Zachary Loo,2026-04-17,11:44:49,-07:00,2026-04-17T11:44:49-07:00,2,52
global.js,42,js,4ef28afb,Zachary Loo,2026-04-17,11:44:49,-07:00,2026-04-17T11:44:49-07:00,2,34
global.js,43,js,4ef28afb,Zachary Loo,2026-04-17,11:44:49,-07:00,2026-04-17T11:44:49-07:00,2,11
global.js,44,js,4ef28afb,Zachary Loo,2026-04-17,11:44:49,-07:00,2026-04-17T11:44:49-07:00,2,20
global.js,45,js,4ef28afb,Zachary Loo,2026-04-17,11:44:49,-07:00,2026-04-17T11:44:49-07:00,0,0
global.js,46,js,312c3215,Zachary Loo,2026-04-22,15:06:36,-07:00,2026-04-22T15:06:36-07:00,2,65
global.js,47,js,4ef28afb,Zachary Loo,2026-04-17,11:44:49,-07:00,2026-04-17T11:44:49-07:00,4,25
global.js,48,js,4ef28afb,Zachary Loo,2026-04-17,11:44:49,-07:00,2026-04-17T11:44:49-07:00,2,0
global.js,49,js,4ef28afb,Zachary Loo,2026-04-17,11:44:49,-07:00,2026-04-17T11:44:49-07:00,0,0
global.js,50,js,4ef28afb,Zachary Loo,2026-04-17,11:44:49,-07:00,2026-04-17T11:44:49-07:00,2,12
global.js,51,js,4ef28afb,Zachary Loo,2026-04-17,11:44:49,-07:00,2026-04-17T11:44:49-07:00,0,0
global.js,52,js,4ef28afb,Zachary Loo,2026-04-17,11:44:49,-07:00,2026-04-17T11:44:49-07:00,0,0
global.js,53,js,4ef28afb,Zachary Loo,2026-04-17,11:44:49,-07:00,2026-04-17T11:44:49-07:00,0,31
global.js,54,js,4ef28afb,Zachary Loo,2026-04-17,11:44:49,-07:00,2026-04-17T11:44:49-07:00,2,11
global.js,55,js,4ef28afb,Zachary Loo,2026-04-17,11:44:49,-07:00,2026-04-17T11:44:49-07:00,0,0
global.js,56,js,312c3215,Zachary Loo,2026-04-22,15:06:36,-07:00,2026-04-22T15:06:36-07:00,2,0
global.js,57,js,4ef28afb,Zachary Loo,2026-04-17,11:44:49,-07:00,2026-04-17T11:44:49-07:00,4,28
global.js,58,js,4ef28afb,Zachary Loo,2026-04-17,11:44:49,-07:00,2026-04-17T11:44:49-07:00,6,4
global.js,59,js,4ef28afb,Zachary Loo,2026-04-17,11:44:49,-07:00,2026-04-17T11:44:49-07:00,6,6
global.js,60,js,4ef28afb,Zachary Loo,2026-04-17,11:44:49,-07:00,2026-04-17T11:44:49-07:00,8,47
global.js,61,js,4ef28afb,Zachary Loo,2026-04-17,11:44:49,-07:00,2026-04-17T11:44:49-07:00,8,38
global.js,62,js,4ef28afb,Zachary Loo,2026-04-17,11:44:49,-07:00,2026-04-17T11:44:49-07:00,8,36
global.js,63,js,4ef28afb,Zachary Loo,2026-04-17,11:44:49,-07:00,2026-04-17T11:44:49-07:00,6,7
global.js,64,js,4ef28afb,Zachary Loo,2026-04-17,11:44:49,-07:00,2026-04-17T11:44:49-07:00,4,8
global.js,65,js,4ef28afb,Zachary Loo,2026-04-17,11:44:49,-07:00,2026-04-17T11:44:49-07:00,0,0
global.js,66,js,4ef28afb,Zachary Loo,2026-04-17,11:44:49,-07:00,2026-04-17T11:44:49-07:00,0,0
global.js,67,js,4ef28afb,Zachary Loo,2026-04-17,11:44:49,-07:00,2026-04-17T11:44:49-07:00,0,0
global.js,68,js,4ef28afb,Zachary Loo,2026-04-17,11:44:49,-07:00,2026-04-17T11:44:49-07:00,0,56
global.js,69,js,ba8311fa,Zachary Loo,2026-04-17,12:02:09,-07:00,2026-04-17T12:02:09-07:00,0,34
global.js,70,js,ba8311fa,Zachary Loo,2026-04-17,12:02:09,-07:00,2026-04-17T12:02:09-07:00,0,0
global.js,71,js,4ef28afb,Zachary Loo,2026-04-17,11:44:49,-07:00,2026-04-17T11:44:49-07:00,0,0
global.js,72,js,4ef28afb,Zachary Loo,2026-04-17,11:44:49,-07:00,2026-04-17T11:44:49-07:00,0,34
global.js,73,js,4ef28afb,Zachary Loo,2026-04-17,11:44:49,-07:00,2026-04-17T11:44:49-07:00,2,83
global.js,74,js,ba8311fa,Zachary Loo,2026-04-17,12:02:09,-07:00,2026-04-17T12:02:09-07:00,2,68
global.js,75,js,312c3215,Zachary Loo,2026-04-22,15:06:36,-07:00,2026-04-22T15:06:36-07:00,0,0
global.js,76,js,f75fa293,Zachary Loo,2026-04-21,15:30:59,-07:00,2026-04-21T15:30:59-07:00,2,33
global.js,77,js,312c3215,Zachary Loo,2026-04-22,15:06:36,-07:00,2026-04-22T15:06:36-07:00,0,0
global.js,78,js,4ef28afb,Zachary Loo,2026-04-17,11:44:49,-07:00,2026-04-17T11:44:49-07:00,0,0
global.js,79,js,4ef28afb,Zachary Loo,2026-04-17,11:44:49,-07:00,2026-04-17T11:44:49-07:00,0,0
global.js,80,js,4ef28afb,Zachary Loo,2026-04-17,11:44:49,-07:00,2026-04-17T11:44:49-07:00,0,0
global.js,81,js,312c3215,Zachary Loo,2026-04-22,15:06:36,-07:00,2026-04-22T15:06:36-07:00,0,55
global.js,82,js,f75fa293,Zachary Loo,2026-04-21,15:30:59,-07:00,2026-04-21T15:30:59-07:00,2,57
global.js,83,js,4ef28afb,Zachary Loo,2026-04-17,11:44:49,-07:00,2026-04-17T11:44:49-07:00,0,0
global.js,84,js,4ef28afb,Zachary Loo,2026-04-17,11:44:49,-07:00,2026-04-17T11:44:49-07:00,2,77
global.js,85,js,4ef28afb,Zachary Loo,2026-04-17,11:44:49,-07:00,2026-04-17T11:44:49-07:00,2,44
global.js,86,js,4ef28afb,Zachary Loo,2026-04-17,11:44:49,-07:00,2026-04-17T11:44:49-07:00,0,1
global.js,87,js,4ef28afb,Zachary Loo,2026-04-17,11:44:49,-07:00,2026-04-17T11:44:49-07:00,0,0
global.js,88,js,4ef28afb,Zachary Loo,2026-04-17,11:44:49,-07:00,2026-04-17T11:44:49-07:00,0,47
global.js,89,js,4ef28afb,Zachary Loo,2026-04-17,11:44:49,-07:00,2026-04-17T11:44:49-07:00,0,0
global.js,90,js,312c3215,Zachary Loo,2026-04-22,15:06:36,-07:00,2026-04-22T15:06:36-07:00,0,56
global.js,91,js,4ef28afb,Zachary Loo,2026-04-17,11:44:49,-07:00,2026-04-17T11:44:49-07:00,2,20
global.js,92,js,4ef28afb,Zachary Loo,2026-04-17,11:44:49,-07:00,2026-04-17T11:44:49-07:00,0,0
global.js,93,js,4ef28afb,Zachary Loo,2026-04-17,11:44:49,-07:00,2026-04-17T11:44:49-07:00,2,35
global.js,94,js,4ef28afb,Zachary Loo,2026-04-17,11:44:49,-07:00,2026-04-17T11:44:49-07:00,0,0
global.js,95,js,4ef28afb,Zachary Loo,2026-04-17,11:44:49,-07:00,2026-04-17T11:44:49-07:00,2,37
global.js,96,js,4ef28afb,Zachary Loo,2026-04-17,11:44:49,-07:00,2026-04-17T11:44:49-07:00,0,0
global.js,97,js,312c3215,Zachary Loo,2026-04-22,15:06:36,-07:00,2026-04-22T15:06:36-07:00,2,31
global.js,98,js,4ef28afb,Zachary Loo,2026-04-17,11:44:49,-07:00,2026-04-17T11:44:49-07:00,4,43
global.js,99,js,4ef28afb,Zachary Loo,2026-04-17,11:44:49,-07:00,2026-04-17T11:44:49-07:00,4,53
global.js,100,js,4ef28afb,Zachary Loo,2026-04-17,11:44:49,-07:00,2026-04-17T11:44:49-07:00,2,0
global.js,101,js,312c3215,Zachary Loo,2026-04-22,15:06:36,-07:00,2026-04-22T15:06:36-07:00,0,0
global.js,102,js,4ef28afb,Zachary Loo,2026-04-17,11:44:49,-07:00,2026-04-17T11:44:49-07:00,2,19
global.js,103,js,4ef28afb,Zachary Loo,2026-04-17,11:44:49,-07:00,2026-04-17T11:44:49-07:00,2,22
global.js,104,js,4ef28afb,Zachary Loo,2026-04-17,11:44:49,-07:00,2026-04-17T11:44:49-07:00,0,0
global.js,105,js,4ef28afb,Zachary Loo,2026-04-17,11:44:49,-07:00,2026-04-17T11:44:49-07:00,0,0
global.js,106,js,4ef28afb,Zachary Loo,2026-04-17,11:44:49,-07:00,2026-04-17T11:44:49-07:00,0,0
global.js,107,js,312c3215,Zachary Loo,2026-04-22,15:06:36,-07:00,2026-04-22T15:06:36-07:00,0,0
global.js,108,js,312c3215,Zachary Loo,2026-04-22,15:06:36,-07:00,2026-04-22T15:06:36-07:00,0,7
global.js,109,js,312c3215,Zachary Loo,2026-04-22,15:06:36,-07:00,2026-04-22T15:06:36-07:00,0,9
global.js,110,js,312c3215,Zachary Loo,2026-04-22,15:06:36,-07:00,2026-04-22T15:06:36-07:00,0,36
global.js,111,js,312c3215,Zachary Loo,2026-04-22,15:06:36,-07:00,2026-04-22T15:06:36-07:00,2,3
global.js,112,js,312c3215,Zachary Loo,2026-04-22,15:06:36,-07:00,2026-04-22T15:06:36-07:00,4,39
global.js,113,js,312c3215,Zachary Loo,2026-04-22,15:06:36,-07:00,2026-04-22T15:06:36-07:00,4,32
global.js,114,js,312c3215,Zachary Loo,2026-04-22,15:06:36,-07:00,2026-04-22T15:06:36-07:00,0,0
global.js,115,js,312c3215,Zachary Loo,2026-04-22,15:06:36,-07:00,2026-04-22T15:06:36-07:00,4,16
global.js,116,js,312c3215,Zachary Loo,2026-04-22,15:06:36,-07:00,2026-04-22T15:06:36-07:00,4,17
global.js,117,js,312c3215,Zachary Loo,2026-04-22,15:06:36,-07:00,2026-04-22T15:06:36-07:00,6,66
global.js,118,js,312c3215,Zachary Loo,2026-04-22,15:06:36,-07:00,2026-04-22T15:06:36-07:00,4,0
global.js,119,js,312c3215,Zachary Loo,2026-04-22,15:06:36,-07:00,2026-04-22T15:06:36-07:00,4,23
global.js,120,js,312c3215,Zachary Loo,2026-04-22,15:06:36,-07:00,2026-04-22T15:06:36-07:00,0,0
global.js,121,js,312c3215,Zachary Loo,2026-04-22,15:06:36,-07:00,2026-04-22T15:06:36-07:00,4,33
global.js,122,js,312c3215,Zachary Loo,2026-04-22,15:06:36,-07:00,2026-04-22T15:06:36-07:00,4,16
global.js,123,js,312c3215,Zachary Loo,2026-04-22,15:06:36,-07:00,2026-04-22T15:06:36-07:00,0,0
global.js,124,js,312c3215,Zachary Loo,2026-04-22,15:06:36,-07:00,2026-04-22T15:06:36-07:00,4,10
global.js,125,js,312c3215,Zachary Loo,2026-04-22,15:06:36,-07:00,2026-04-22T15:06:36-07:00,0,0
global.js,126,js,312c3215,Zachary Loo,2026-04-22,15:06:36,-07:00,2026-04-22T15:06:36-07:00,0,0
global.js,127,js,312c3215,Zachary Loo,2026-04-22,15:06:36,-07:00,2026-04-22T15:06:36-07:00,2,15
global.js,128,js,312c3215,Zachary Loo,2026-04-22,15:06:36,-07:00,2026-04-22T15:06:36-07:00,4,59
global.js,129,js,312c3215,Zachary Loo,2026-04-22,15:06:36,-07:00,2026-04-22T15:06:36-07:00,2,0
global.js,130,js,312c3215,Zachary Loo,2026-04-22,15:06:36,-07:00,2026-04-22T15:06:36-07:00,0,0
global.js,131,js,312c3215,Zachary Loo,2026-04-22,15:06:36,-07:00,2026-04-22T15:06:36-07:00,0,0
global.js,132,js,312c3215,Zachary Loo,2026-04-22,15:06:36,-07:00,2026-04-22T15:06:36-07:00,0,0
global.js,133,js,312c3215,Zachary Loo,2026-04-22,15:06:36,-07:00,2026-04-22T15:06:36-07:00,0,34
global.js,134,js,312c3215,Zachary Loo,2026-04-22,15:06:36,-07:00,2026-04-22T15:06:36-07:00,0,0
global.js,135,js,312c3215,Zachary Loo,2026-04-22,15:06:36,-07:00,2026-04-22T15:06:36-07:00,0,78
global.js,136,js,312c3215,Zachary Loo,2026-04-22,15:06:36,-07:00,2026-04-22T15:06:36-07:00,0,0
global.js,137,js,312c3215,Zachary Loo,2026-04-22,15:06:36,-07:00,2026-04-22T15:06:36-07:00,2,29
global.js,138,js,312c3215,Zachary Loo,2026-04-22,15:06:36,-07:00,2026-04-22T15:06:36-07:00,2,22
global.js,139,js,312c3215,Zachary Loo,2026-04-22,15:06:36,-07:00,2026-04-22T15:06:36-07:00,0,0
global.js,140,js,312c3215,Zachary Loo,2026-04-22,15:06:36,-07:00,2026-04-22T15:06:36-07:00,2,22
global.js,141,js,312c3215,Zachary Loo,2026-04-22,15:06:36,-07:00,2026-04-22T15:06:36-07:00,4,85
global.js,142,js,312c3215,Zachary Loo,2026-04-22,15:06:36,-07:00,2026-04-22T15:06:36-07:00,2,0
global.js,143,js,312c3215,Zachary Loo,2026-04-22,15:06:36,-07:00,2026-04-22T15:06:36-07:00,2,65
global.js,144,js,312c3215,Zachary Loo,2026-04-22,15:06:36,-07:00,2026-04-22T15:06:36-07:00,4,69
global.js,145,js,312c3215,Zachary Loo,2026-04-22,15:06:36,-07:00,2026-04-22T15:06:36-07:00,2,0
global.js,146,js,312c3215,Zachary Loo,2026-04-22,15:06:36,-07:00,2026-04-22T15:06:36-07:00,0,0
global.js,147,js,312c3215,Zachary Loo,2026-04-22,15:06:36,-07:00,2026-04-22T15:06:36-07:00,2,24
global.js,148,js,312c3215,Zachary Loo,2026-04-22,15:06:36,-07:00,2026-04-22T15:06:36-07:00,2,30
global.js,149,js,312c3215,Zachary Loo,2026-04-22,15:06:36,-07:00,2026-04-22T15:06:36-07:00,0,0
global.js,150,js,312c3215,Zachary Loo,2026-04-22,15:06:36,-07:00,2026-04-22T15:06:36-07:00,2,27
global.js,151,js,312c3215,Zachary Loo,2026-04-22,15:06:36,-07:00,2026-04-22T15:06:36-07:00,0,0
global.js,152,js,312c3215,Zachary Loo,2026-04-22,15:06:36,-07:00,2026-04-22T15:06:36-07:00,4,48
global.js,153,js,312c3215,Zachary Loo,2026-04-22,15:06:36,-07:00,2026-04-22T15:06:36-07:00,4,16
global.js,154,js,312c3215,Zachary Loo,2026-04-22,15:06:36,-07:00,2026-04-22T15:06:36-07:00,4,36
global.js,155,js,312c3215,Zachary Loo,2026-04-22,15:06:36,-07:00,2026-04-22T15:06:36-07:00,0,0
global.js,156,js,312c3215,Zachary Loo,2026-04-22,15:06:36,-07:00,2026-04-22T15:06:36-07:00,4,16
global.js,157,js,312c3215,Zachary Loo,2026-04-22,15:06:36,-07:00,2026-04-22T15:06:36-07:00,6,27
global.js,158,js,312c3215,Zachary Loo,2026-04-22,15:06:36,-07:00,2026-04-22T15:06:36-07:00,4,0
global.js,159,js,312c3215,Zachary Loo,2026-04-22,15:06:36,-07:00,2026-04-22T15:06:36-07:00,4,16
global.js,160,js,312c3215,Zachary Loo,2026-04-22,15:06:36,-07:00,2026-04-22T15:06:36-07:00,6,27
global.js,161,js,312c3215,Zachary Loo,2026-04-22,15:06:36,-07:00,2026-04-22T15:06:36-07:00,4,0
global.js,162,js,312c3215,Zachary Loo,2026-04-22,15:06:36,-07:00,2026-04-22T15:06:36-07:00,4,22
global.js,163,js,312c3215,Zachary Loo,2026-04-22,15:06:36,-07:00,2026-04-22T15:06:36-07:00,6,39
global.js,164,js,312c3215,Zachary Loo,2026-04-22,15:06:36,-07:00,2026-04-22T15:06:36-07:00,4,0
global.js,165,js,312c3215,Zachary Loo,2026-04-22,15:06:36,-07:00,2026-04-22T15:06:36-07:00,0,0
global.js,166,js,312c3215,Zachary Loo,2026-04-22,15:06:36,-07:00,2026-04-22T15:06:36-07:00,4,0
global.js,167,js,312c3215,Zachary Loo,2026-04-22,15:06:36,-07:00,2026-04-22T15:06:36-07:00,0,0
global.js,168,js,312c3215,Zachary Loo,2026-04-22,15:06:36,-07:00,2026-04-22T15:06:36-07:00,4,19
global.js,169,js,312c3215,Zachary Loo,2026-04-22,15:06:36,-07:00,2026-04-22T15:06:36-07:00,4,46
global.js,170,js,312c3215,Zachary Loo,2026-04-22,15:06:36,-07:00,2026-04-22T15:06:36-07:00,4,45
global.js,171,js,8169f5c6,Zachary Loo,2026-05-01,15:29:48,-07:00,2026-05-01T15:29:48-07:00,4,3
global.js,172,js,8169f5c6,Zachary Loo,2026-05-01,15:29:48,-07:00,2026-05-01T15:29:48-07:00,6,24
global.js,173,js,8169f5c6,Zachary Loo,2026-05-01,15:29:48,-07:00,2026-05-01T15:29:48-07:00,6,87
global.js,174,js,8169f5c6,Zachary Loo,2026-05-01,15:29:48,-07:00,2026-05-01T15:29:48-07:00,4,4
global.js,175,js,312c3215,Zachary Loo,2026-04-22,15:06:36,-07:00,2026-04-22T15:06:36-07:00,2,0
global.js,176,js,312c3215,Zachary Loo,2026-04-22,15:06:36,-07:00,2026-04-22T15:06:36-07:00,2,0
global.js,177,js,312c3215,Zachary Loo,2026-04-22,15:06:36,-07:00,2026-04-22T15:06:36-07:00,0,0
global.js,178,js,312c3215,Zachary Loo,2026-04-22,15:06:36,-07:00,2026-04-22T15:06:36-07:00,2,0
global.js,179,js,312c3215,Zachary Loo,2026-04-22,15:06:36,-07:00,2026-04-22T15:06:36-07:00,0,0
global.js,180,js,312c3215,Zachary Loo,2026-04-22,15:06:36,-07:00,2026-04-22T15:06:36-07:00,0,0
global.js,181,js,312c3215,Zachary Loo,2026-04-22,15:06:36,-07:00,2026-04-22T15:06:36-07:00,0,47
global.js,182,js,312c3215,Zachary Loo,2026-04-22,15:06:36,-07:00,2026-04-22T15:06:36-07:00,2,59
global.js,183,js,312c3215,Zachary Loo,2026-04-22,15:06:36,-07:00,2026-04-22T15:06:36-07:00,0,0
resume\index.html,1,html,323db6b6,Zachary Loo,2026-04-02,16:41:08,-07:00,2026-04-02T16:41:08-07:00,0,13
resume\index.html,2,html,323db6b6,Zachary Loo,2026-04-02,16:41:08,-07:00,2026-04-02T16:41:08-07:00,0,14
resume\index.html,3,html,93d06673,Zachary Loo,2026-04-10,15:40:05,-07:00,2026-04-10T15:40:05-07:00,0,0
resume\index.html,4,html,323db6b6,Zachary Loo,2026-04-02,16:41:08,-07:00,2026-04-02T16:41:08-07:00,0,4
resume\index.html,5,html,323db6b6,Zachary Loo,2026-04-02,16:41:08,-07:00,2026-04-02T16:41:08-07:00,2,20
resume\index.html,6,html,323db6b6,Zachary Loo,2026-04-02,16:41:08,-07:00,2026-04-02T16:41:08-07:00,2,68
resume\index.html,7,html,323db6b6,Zachary Loo,2026-04-02,16:41:08,-07:00,2026-04-02T16:41:08-07:00,2,19
resume\index.html,8,html,323db6b6,Zachary Loo,2026-04-02,16:41:08,-07:00,2026-04-02T16:41:08-07:00,2,41
resume\index.html,9,html,4ef28afb,Zachary Loo,2026-04-17,11:44:49,-07:00,2026-04-17T11:44:49-07:00,2,52
resume\index.html,10,html,323db6b6,Zachary Loo,2026-04-02,16:41:08,-07:00,2026-04-02T16:41:08-07:00,0,5
resume\index.html,11,html,93d06673,Zachary Loo,2026-04-10,15:40:05,-07:00,2026-04-10T15:40:05-07:00,0,0
resume\index.html,12,html,323db6b6,Zachary Loo,2026-04-02,16:41:08,-07:00,2026-04-02T16:41:08-07:00,0,4
resume\index.html,13,html,4ef28afb,Zachary Loo,2026-04-17,11:44:49,-07:00,2026-04-17T11:44:49-07:00,0,30
resume\index.html,14,html,323db6b6,Zachary Loo,2026-04-02,16:41:08,-07:00,2026-04-02T16:41:08-07:00,2,3
resume\index.html,15,html,323db6b6,Zachary Loo,2026-04-02,16:41:08,-07:00,2026-04-02T16:41:08-07:00,4,2
resume\index.html,16,html,93d06673,Zachary Loo,2026-04-10,15:40:05,-07:00,2026-04-10T15:40:05-07:00,0,0
resume\index.html,17,html,93d06673,Zachary Loo,2026-04-10,15:40:05,-07:00,2026-04-10T15:40:05-07:00,6,45
resume\index.html,18,html,93d06673,Zachary Loo,2026-04-10,15:40:05,-07:00,2026-04-10T15:40:05-07:00,6,52
resume\index.html,19,html,93d06673,Zachary Loo,2026-04-10,15:40:05,-07:00,2026-04-10T15:40:05-07:00,6,53
resume\index.html,20,html,4ef28afb,Zachary Loo,2026-04-17,11:44:49,-07:00,2026-04-17T11:44:49-07:00,6,43
resume\index.html,21,html,93d06673,Zachary Loo,2026-04-10,15:40:05,-07:00,2026-04-10T15:40:05-07:00,6,82
resume\index.html,22,html,03892af3,Zachary Loo,2026-04-03,14:22:21,-07:00,2026-04-03T14:22:21-07:00,0,0
resume\index.html,23,html,323db6b6,Zachary Loo,2026-04-02,16:41:08,-07:00,2026-04-02T16:41:08-07:00,4,3
resume\index.html,24,html,323db6b6,Zachary Loo,2026-04-02,16:41:08,-07:00,2026-04-02T16:41:08-07:00,0,0
resume\index.html,25,html,4ef28afb,Zachary Loo,2026-04-17,11:44:49,-07:00,2026-04-17T11:44:49-07:00,2,8
resume\index.html,26,html,323db6b6,Zachary Loo,2026-04-02,16:41:08,-07:00,2026-04-02T16:41:08-07:00,2,16
resume\index.html,27,html,323db6b6,Zachary Loo,2026-04-02,16:41:08,-07:00,2026-04-02T16:41:08-07:00,0,0
resume\index.html,28,html,93d06673,Zachary Loo,2026-04-10,15:40:05,-07:00,2026-04-10T15:40:05-07:00,2,18
resume\index.html,29,html,93d06673,Zachary Loo,2026-04-10,15:40:05,-07:00,2026-04-10T15:40:05-07:00,4,20
resume\index.html,30,html,93d06673,Zachary Loo,2026-04-10,15:40:05,-07:00,2026-04-10T15:40:05-07:00,6,7
resume\index.html,31,html,93d06673,Zachary Loo,2026-04-10,15:40:05,-07:00,2026-04-10T15:40:05-07:00,8,16
resume\index.html,32,html,93d06673,Zachary Loo,2026-04-10,15:40:05,-07:00,2026-04-10T15:40:05-07:00,0,0
resume\index.html,33,html,93d06673,Zachary Loo,2026-04-10,15:40:05,-07:00,2026-04-10T15:40:05-07:00,8,7
resume\index.html,34,html,93d06673,Zachary Loo,2026-04-10,15:40:05,-07:00,2026-04-10T15:40:05-07:00,0,0
resume\index.html,35,html,93d06673,Zachary Loo,2026-04-10,15:40:05,-07:00,2026-04-10T15:40:05-07:00,10,35
resume\index.html,36,html,93d06673,Zachary Loo,2026-04-10,15:40:05,-07:00,2026-04-10T15:40:05-07:00,10,73
resume\index.html,37,html,93d06673,Zachary Loo,2026-04-10,15:40:05,-07:00,2026-04-10T15:40:05-07:00,10,17
resume\index.html,38,html,93d06673,Zachary Loo,2026-04-10,15:40:05,-07:00,2026-04-10T15:40:05-07:00,0,0
resume\index.html,39,html,93d06673,Zachary Loo,2026-04-10,15:40:05,-07:00,2026-04-10T15:40:05-07:00,10,2
resume\index.html,40,html,93d06673,Zachary Loo,2026-04-10,15:40:05,-07:00,2026-04-10T15:40:05-07:00,12,2
resume\index.html,41,html,93d06673,Zachary Loo,2026-04-10,15:40:05,-07:00,2026-04-10T15:40:05-07:00,14,89
resume\index.html,42,html,93d06673,Zachary Loo,2026-04-10,15:40:05,-07:00,2026-04-10T15:40:05-07:00,16,72
resume\index.html,43,html,93d06673,Zachary Loo,2026-04-10,15:40:05,-07:00,2026-04-10T15:40:05-07:00,12,3
resume\index.html,44,html,93d06673,Zachary Loo,2026-04-10,15:40:05,-07:00,2026-04-10T15:40:05-07:00,12,2
resume\index.html,45,html,93d06673,Zachary Loo,2026-04-10,15:40:05,-07:00,2026-04-10T15:40:05-07:00,14,87
resume\index.html,46,html,93d06673,Zachary Loo,2026-04-10,15:40:05,-07:00,2026-04-10T15:40:05-07:00,16,46
resume\index.html,47,html,93d06673,Zachary Loo,2026-04-10,15:40:05,-07:00,2026-04-10T15:40:05-07:00,12,3
resume\index.html,48,html,93d06673,Zachary Loo,2026-04-10,15:40:05,-07:00,2026-04-10T15:40:05-07:00,12,2
resume\index.html,49,html,93d06673,Zachary Loo,2026-04-10,15:40:05,-07:00,2026-04-10T15:40:05-07:00,14,89
resume\index.html,50,html,93d06673,Zachary Loo,2026-04-10,15:40:05,-07:00,2026-04-10T15:40:05-07:00,14,2
resume\index.html,51,html,93d06673,Zachary Loo,2026-04-10,15:40:05,-07:00,2026-04-10T15:40:05-07:00,12,3
resume\index.html,52,html,93d06673,Zachary Loo,2026-04-10,15:40:05,-07:00,2026-04-10T15:40:05-07:00,12,2
resume\index.html,53,html,93d06673,Zachary Loo,2026-04-10,15:40:05,-07:00,2026-04-10T15:40:05-07:00,14,87
resume\index.html,54,html,93d06673,Zachary Loo,2026-04-10,15:40:05,-07:00,2026-04-10T15:40:05-07:00,16,86
resume\index.html,55,html,93d06673,Zachary Loo,2026-04-10,15:40:05,-07:00,2026-04-10T15:40:05-07:00,16,33
resume\index.html,56,html,93d06673,Zachary Loo,2026-04-10,15:40:05,-07:00,2026-04-10T15:40:05-07:00,12,3
resume\index.html,57,html,93d06673,Zachary Loo,2026-04-10,15:40:05,-07:00,2026-04-10T15:40:05-07:00,12,2
resume\index.html,58,html,93d06673,Zachary Loo,2026-04-10,15:40:05,-07:00,2026-04-10T15:40:05-07:00,14,79
resume\index.html,59,html,93d06673,Zachary Loo,2026-04-10,15:40:05,-07:00,2026-04-10T15:40:05-07:00,16,9
resume\index.html,60,html,93d06673,Zachary Loo,2026-04-10,15:40:05,-07:00,2026-04-10T15:40:05-07:00,16,52
resume\index.html,61,html,93d06673,Zachary Loo,2026-04-10,15:40:05,-07:00,2026-04-10T15:40:05-07:00,12,3
resume\index.html,62,html,93d06673,Zachary Loo,2026-04-10,15:40:05,-07:00,2026-04-10T15:40:05-07:00,12,2
resume\index.html,63,html,93d06673,Zachary Loo,2026-04-10,15:40:05,-07:00,2026-04-10T15:40:05-07:00,14,64
resume\index.html,64,html,93d06673,Zachary Loo,2026-04-10,15:40:05,-07:00,2026-04-10T15:40:05-07:00,12,3
resume\index.html,65,html,93d06673,Zachary Loo,2026-04-10,15:40:05,-07:00,2026-04-10T15:40:05-07:00,12,2
resume\index.html,66,html,93d06673,Zachary Loo,2026-04-10,15:40:05,-07:00,2026-04-10T15:40:05-07:00,14,89
resume\index.html,67,html,93d06673,Zachary Loo,2026-04-10,15:40:05,-07:00,2026-04-10T15:40:05-07:00,12,3
resume\index.html,68,html,15b398df,Zachary Loo,2026-04-02,17:02:57,-07:00,2026-04-02T17:02:57-07:00,0,0
resume\index.html,69,html,323db6b6,Zachary Loo,2026-04-02,16:41:08,-07:00,2026-04-02T16:41:08-07:00,0,0
resume\index.html,70,html,93d06673,Zachary Loo,2026-04-10,15:40:05,-07:00,2026-04-10T15:40:05-07:00,10,3
resume\index.html,71,html,323db6b6,Zachary Loo,2026-04-02,16:41:08,-07:00,2026-04-02T16:41:08-07:00,0,0
resume\index.html,72,html,93d06673,Zachary Loo,2026-04-10,15:40:05,-07:00,2026-04-10T15:40:05-07:00,8,8
resume\index.html,73,html,323db6b6,Zachary Loo,2026-04-02,16:41:08,-07:00,2026-04-02T16:41:08-07:00,0,0
resume\index.html,74,html,323db6b6,Zachary Loo,2026-04-02,16:41:08,-07:00,2026-04-02T16:41:08-07:00,0,0
resume\index.html,75,html,323db6b6,Zachary Loo,2026-04-02,16:41:08,-07:00,2026-04-02T16:41:08-07:00,0,0
resume\index.html,76,html,323db6b6,Zachary Loo,2026-04-02,16:41:08,-07:00,2026-04-02T16:41:08-07:00,0,0
resume\index.html,77,html,93d06673,Zachary Loo,2026-04-10,15:40:05,-07:00,2026-04-10T15:40:05-07:00,8,7
resume\index.html,78,html,15b398df,Zachary Loo,2026-04-02,17:02:57,-07:00,2026-04-02T17:02:57-07:00,0,0
resume\index.html,79,html,93d06673,Zachary Loo,2026-04-10,15:40:05,-07:00,2026-04-10T15:40:05-07:00,10,33
resume\index.html,80,html,93d06673,Zachary Loo,2026-04-10,15:40:05,-07:00,2026-04-10T15:40:05-07:00,10,62
resume\index.html,81,html,93d06673,Zachary Loo,2026-04-10,15:40:05,-07:00,2026-04-10T15:40:05-07:00,10,16
resume\index.html,82,html,93d06673,Zachary Loo,2026-04-10,15:40:05,-07:00,2026-04-10T15:40:05-07:00,0,0
resume\index.html,83,html,93d06673,Zachary Loo,2026-04-10,15:40:05,-07:00,2026-04-10T15:40:05-07:00,10,2
resume\index.html,84,html,93d06673,Zachary Loo,2026-04-10,15:40:05,-07:00,2026-04-10T15:40:05-07:00,12,2
resume\index.html,85,html,93d06673,Zachary Loo,2026-04-10,15:40:05,-07:00,2026-04-10T15:40:05-07:00,14,68
resume\index.html,86,html,93d06673,Zachary Loo,2026-04-10,15:40:05,-07:00,2026-04-10T15:40:05-07:00,18,35
resume\index.html,87,html,93d06673,Zachary Loo,2026-04-10,15:40:05,-07:00,2026-04-10T15:40:05-07:00,12,3
resume\index.html,88,html,93d06673,Zachary Loo,2026-04-10,15:40:05,-07:00,2026-04-10T15:40:05-07:00,12,2
resume\index.html,89,html,93d06673,Zachary Loo,2026-04-10,15:40:05,-07:00,2026-04-10T15:40:05-07:00,14,66
resume\index.html,90,html,93d06673,Zachary Loo,2026-04-10,15:40:05,-07:00,2026-04-10T15:40:05-07:00,18,23
resume\index.html,91,html,93d06673,Zachary Loo,2026-04-10,15:40:05,-07:00,2026-04-10T15:40:05-07:00,18,13
resume\index.html,92,html,93d06673,Zachary Loo,2026-04-10,15:40:05,-07:00,2026-04-10T15:40:05-07:00,12,3
resume\index.html,93,html,93d06673,Zachary Loo,2026-04-10,15:40:05,-07:00,2026-04-10T15:40:05-07:00,12,2
resume\index.html,94,html,93d06673,Zachary Loo,2026-04-10,15:40:05,-07:00,2026-04-10T15:40:05-07:00,14,68
resume\index.html,95,html,93d06673,Zachary Loo,2026-04-10,15:40:05,-07:00,2026-04-10T15:40:05-07:00,18,41
resume\index.html,96,html,93d06673,Zachary Loo,2026-04-10,15:40:05,-07:00,2026-04-10T15:40:05-07:00,12,3
resume\index.html,97,html,93d06673,Zachary Loo,2026-04-10,15:40:05,-07:00,2026-04-10T15:40:05-07:00,10,3
resume\index.html,98,html,93d06673,Zachary Loo,2026-04-10,15:40:05,-07:00,2026-04-10T15:40:05-07:00,0,0
resume\index.html,99,html,93d06673,Zachary Loo,2026-04-10,15:40:05,-07:00,2026-04-10T15:40:05-07:00,0,0
resume\index.html,100,html,93d06673,Zachary Loo,2026-04-10,15:40:05,-07:00,2026-04-10T15:40:05-07:00,8,8
resume\index.html,101,html,93d06673,Zachary Loo,2026-04-10,15:40:05,-07:00,2026-04-10T15:40:05-07:00,0,0
resume\index.html,102,html,93d06673,Zachary Loo,2026-04-10,15:40:05,-07:00,2026-04-10T15:40:05-07:00,0,0
resume\index.html,103,html,93d06673,Zachary Loo,2026-04-10,15:40:05,-07:00,2026-04-10T15:40:05-07:00,8,7
resume\index.html,104,html,93d06673,Zachary Loo,2026-04-10,15:40:05,-07:00,2026-04-10T15:40:05-07:00,0,0
resume\index.html,105,html,93d06673,Zachary Loo,2026-04-10,15:40:05,-07:00,2026-04-10T15:40:05-07:00,10,33
resume\index.html,106,html,93d06673,Zachary Loo,2026-04-10,15:40:05,-07:00,2026-04-10T15:40:05-07:00,10,89
resume\index.html,107,html,93d06673,Zachary Loo,2026-04-10,15:40:05,-07:00,2026-04-10T15:40:05-07:00,14,9
resume\index.html,108,html,93d06673,Zachary Loo,2026-04-10,15:40:05,-07:00,2026-04-10T15:40:05-07:00,10,3
resume\index.html,109,html,93d06673,Zachary Loo,2026-04-10,15:40:05,-07:00,2026-04-10T15:40:05-07:00,10,2
resume\index.html,110,html,93d06673,Zachary Loo,2026-04-10,15:40:05,-07:00,2026-04-10T15:40:05-07:00,12,2
resume\index.html,111,html,93d06673,Zachary Loo,2026-04-10,15:40:05,-07:00,2026-04-10T15:40:05-07:00,14,63
resume\index.html,112,html,93d06673,Zachary Loo,2026-04-10,15:40:05,-07:00,2026-04-10T15:40:05-07:00,12,3
resume\index.html,113,html,93d06673,Zachary Loo,2026-04-10,15:40:05,-07:00,2026-04-10T15:40:05-07:00,10,3
resume\index.html,114,html,93d06673,Zachary Loo,2026-04-10,15:40:05,-07:00,2026-04-10T15:40:05-07:00,0,0
resume\index.html,115,html,93d06673,Zachary Loo,2026-04-10,15:40:05,-07:00,2026-04-10T15:40:05-07:00,0,0
resume\index.html,116,html,93d06673,Zachary Loo,2026-04-10,15:40:05,-07:00,2026-04-10T15:40:05-07:00,8,8
resume\index.html,117,html,93d06673,Zachary Loo,2026-04-10,15:40:05,-07:00,2026-04-10T15:40:05-07:00,6,8
resume\index.html,118,html,93d06673,Zachary Loo,2026-04-10,15:40:05,-07:00,2026-04-10T15:40:05-07:00,0,0
resume\index.html,119,html,93d06673,Zachary Loo,2026-04-10,15:40:05,-07:00,2026-04-10T15:40:05-07:00,0,0
resume\index.html,120,html,93d06673,Zachary Loo,2026-04-10,15:40:05,-07:00,2026-04-10T15:40:05-07:00,6,7
resume\index.html,121,html,93d06673,Zachary Loo,2026-04-10,15:40:05,-07:00,2026-04-10T15:40:05-07:00,8,19
resume\index.html,122,html,93d06673,Zachary Loo,2026-04-10,15:40:05,-07:00,2026-04-10T15:40:05-07:00,0,0
resume\index.html,123,html,93d06673,Zachary Loo,2026-04-10,15:40:05,-07:00,2026-04-10T15:40:05-07:00,8,2
resume\index.html,124,html,93d06673,Zachary Loo,2026-04-10,15:40:05,-07:00,2026-04-10T15:40:05-07:00,10,2
resume\index.html,125,html,93d06673,Zachary Loo,2026-04-10,15:40:05,-07:00,2026-04-10T15:40:05-07:00,12,50
resume\index.html,126,html,93d06673,Zachary Loo,2026-04-10,15:40:05,-07:00,2026-04-10T15:40:05-07:00,10,3
resume\index.html,127,html,93d06673,Zachary Loo,2026-04-10,15:40:05,-07:00,2026-04-10T15:40:05-07:00,10,2
resume\index.html,128,html,93d06673,Zachary Loo,2026-04-10,15:40:05,-07:00,2026-04-10T15:40:05-07:00,12,32
resume\index.html,129,html,93d06673,Zachary Loo,2026-04-10,15:40:05,-07:00,2026-04-10T15:40:05-07:00,10,3
resume\index.html,130,html,93d06673,Zachary Loo,2026-04-10,15:40:05,-07:00,2026-04-10T15:40:05-07:00,8,3
resume\index.html,131,html,93d06673,Zachary Loo,2026-04-10,15:40:05,-07:00,2026-04-10T15:40:05-07:00,0,0
resume\index.html,132,html,93d06673,Zachary Loo,2026-04-10,15:40:05,-07:00,2026-04-10T15:40:05-07:00,0,0
resume\index.html,133,html,93d06673,Zachary Loo,2026-04-10,15:40:05,-07:00,2026-04-10T15:40:05-07:00,6,8
resume\index.html,134,html,93d06673,Zachary Loo,2026-04-10,15:40:05,-07:00,2026-04-10T15:40:05-07:00,0,0
resume\index.html,135,html,93d06673,Zachary Loo,2026-04-10,15:40:05,-07:00,2026-04-10T15:40:05-07:00,6,7
resume\index.html,136,html,93d06673,Zachary Loo,2026-04-10,15:40:05,-07:00,2026-04-10T15:40:05-07:00,8,22
resume\index.html,137,html,93d06673,Zachary Loo,2026-04-10,15:40:05,-07:00,2026-04-10T15:40:05-07:00,0,0
resume\index.html,138,html,93d06673,Zachary Loo,2026-04-10,15:40:05,-07:00,2026-04-10T15:40:05-07:00,8,7
resume\index.html,139,html,93d06673,Zachary Loo,2026-04-10,15:40:05,-07:00,2026-04-10T15:40:05-07:00,0,0
resume\index.html,140,html,93d06673,Zachary Loo,2026-04-10,15:40:05,-07:00,2026-04-10T15:40:05-07:00,10,19
resume\index.html,141,html,93d06673,Zachary Loo,2026-04-10,15:40:05,-07:00,2026-04-10T15:40:05-07:00,10,32
resume\index.html,142,html,93d06673,Zachary Loo,2026-04-10,15:40:05,-07:00,2026-04-10T15:40:05-07:00,0,0
resume\index.html,143,html,93d06673,Zachary Loo,2026-04-10,15:40:05,-07:00,2026-04-10T15:40:05-07:00,10,2
resume\index.html,144,html,93d06673,Zachary Loo,2026-04-10,15:40:05,-07:00,2026-04-10T15:40:05-07:00,12,2
resume\index.html,145,html,93d06673,Zachary Loo,2026-04-10,15:40:05,-07:00,2026-04-10T15:40:05-07:00,14,68
resume\index.html,146,html,93d06673,Zachary Loo,2026-04-10,15:40:05,-07:00,2026-04-10T15:40:05-07:00,12,3
resume\index.html,147,html,93d06673,Zachary Loo,2026-04-10,15:40:05,-07:00,2026-04-10T15:40:05-07:00,12,2
resume\index.html,148,html,93d06673,Zachary Loo,2026-04-10,15:40:05,-07:00,2026-04-10T15:40:05-07:00,14,79
resume\index.html,149,html,93d06673,Zachary Loo,2026-04-10,15:40:05,-07:00,2026-04-10T15:40:05-07:00,12,3
resume\index.html,150,html,93d06673,Zachary Loo,2026-04-10,15:40:05,-07:00,2026-04-10T15:40:05-07:00,10,3
resume\index.html,151,html,93d06673,Zachary Loo,2026-04-10,15:40:05,-07:00,2026-04-10T15:40:05-07:00,0,0
resume\index.html,152,html,93d06673,Zachary Loo,2026-04-10,15:40:05,-07:00,2026-04-10T15:40:05-07:00,8,8
resume\index.html,153,html,93d06673,Zachary Loo,2026-04-10,15:40:05,-07:00,2026-04-10T15:40:05-07:00,0,0
resume\index.html,154,html,93d06673,Zachary Loo,2026-04-10,15:40:05,-07:00,2026-04-10T15:40:05-07:00,8,7
resume\index.html,155,html,93d06673,Zachary Loo,2026-04-10,15:40:05,-07:00,2026-04-10T15:40:05-07:00,0,0
resume\index.html,156,html,93d06673,Zachary Loo,2026-04-10,15:40:05,-07:00,2026-04-10T15:40:05-07:00,10,20
resume\index.html,157,html,93d06673,Zachary Loo,2026-04-10,15:40:05,-07:00,2026-04-10T15:40:05-07:00,0,0
resume\index.html,158,html,93d06673,Zachary Loo,2026-04-10,15:40:05,-07:00,2026-04-10T15:40:05-07:00,10,2
resume\index.html,159,html,93d06673,Zachary Loo,2026-04-10,15:40:05,-07:00,2026-04-10T15:40:05-07:00,12,2
resume\index.html,160,html,93d06673,Zachary Loo,2026-04-10,15:40:05,-07:00,2026-04-10T15:40:05-07:00,14,78
resume\index.html,161,html,93d06673,Zachary Loo,2026-04-10,15:40:05,-07:00,2026-04-10T15:40:05-07:00,12,3
resume\index.html,162,html,93d06673,Zachary Loo,2026-04-10,15:40:05,-07:00,2026-04-10T15:40:05-07:00,0,0
resume\index.html,163,html,93d06673,Zachary Loo,2026-04-10,15:40:05,-07:00,2026-04-10T15:40:05-07:00,10,3
resume\index.html,164,html,93d06673,Zachary Loo,2026-04-10,15:40:05,-07:00,2026-04-10T15:40:05-07:00,0,0
resume\index.html,165,html,93d06673,Zachary Loo,2026-04-10,15:40:05,-07:00,2026-04-10T15:40:05-07:00,8,8
resume\index.html,166,html,93d06673,Zachary Loo,2026-04-10,15:40:05,-07:00,2026-04-10T15:40:05-07:00,6,8
resume\index.html,167,html,93d06673,Zachary Loo,2026-04-10,15:40:05,-07:00,2026-04-10T15:40:05-07:00,0,0
resume\index.html,168,html,93d06673,Zachary Loo,2026-04-10,15:40:05,-07:00,2026-04-10T15:40:05-07:00,0,0
resume\index.html,169,html,93d06673,Zachary Loo,2026-04-10,15:40:05,-07:00,2026-04-10T15:40:05-07:00,4,8
resume\index.html,170,html,93d06673,Zachary Loo,2026-04-10,15:40:05,-07:00,2026-04-10T15:40:05-07:00,4,22
resume\index.html,171,html,93d06673,Zachary Loo,2026-04-10,15:40:05,-07:00,2026-04-10T15:40:05-07:00,6,7
resume\index.html,172,html,93d06673,Zachary Loo,2026-04-10,15:40:05,-07:00,2026-04-10T15:40:05-07:00,8,18
resume\index.html,173,html,93d06673,Zachary Loo,2026-04-10,15:40:05,-07:00,2026-04-10T15:40:05-07:00,0,0
resume\index.html,174,html,93d06673,Zachary Loo,2026-04-10,15:40:05,-07:00,2026-04-10T15:40:05-07:00,8,2
resume\index.html,175,html,93d06673,Zachary Loo,2026-04-10,15:40:05,-07:00,2026-04-10T15:40:05-07:00,10,2
resume\index.html,176,html,93d06673,Zachary Loo,2026-04-10,15:40:05,-07:00,2026-04-10T15:40:05-07:00,12,74
resume\index.html,177,html,93d06673,Zachary Loo,2026-04-10,15:40:05,-07:00,2026-04-10T15:40:05-07:00,10,3
resume\index.html,178,html,93d06673,Zachary Loo,2026-04-10,15:40:05,-07:00,2026-04-10T15:40:05-07:00,10,2
resume\index.html,179,html,93d06673,Zachary Loo,2026-04-10,15:40:05,-07:00,2026-04-10T15:40:05-07:00,12,81
resume\index.html,180,html,93d06673,Zachary Loo,2026-04-10,15:40:05,-07:00,2026-04-10T15:40:05-07:00,10,3
resume\index.html,181,html,93d06673,Zachary Loo,2026-04-10,15:40:05,-07:00,2026-04-10T15:40:05-07:00,10,2
resume\index.html,182,html,93d06673,Zachary Loo,2026-04-10,15:40:05,-07:00,2026-04-10T15:40:05-07:00,12,59
resume\index.html,183,html,93d06673,Zachary Loo,2026-04-10,15:40:05,-07:00,2026-04-10T15:40:05-07:00,10,3
resume\index.html,184,html,93d06673,Zachary Loo,2026-04-10,15:40:05,-07:00,2026-04-10T15:40:05-07:00,10,2
resume\index.html,185,html,93d06673,Zachary Loo,2026-04-10,15:40:05,-07:00,2026-04-10T15:40:05-07:00,12,77
resume\index.html,186,html,93d06673,Zachary Loo,2026-04-10,15:40:05,-07:00,2026-04-10T15:40:05-07:00,10,3
resume\index.html,187,html,93d06673,Zachary Loo,2026-04-10,15:40:05,-07:00,2026-04-10T15:40:05-07:00,10,2
resume\index.html,188,html,93d06673,Zachary Loo,2026-04-10,15:40:05,-07:00,2026-04-10T15:40:05-07:00,12,59
resume\index.html,189,html,93d06673,Zachary Loo,2026-04-10,15:40:05,-07:00,2026-04-10T15:40:05-07:00,10,3
resume\index.html,190,html,93d06673,Zachary Loo,2026-04-10,15:40:05,-07:00,2026-04-10T15:40:05-07:00,10,2
resume\index.html,191,html,93d06673,Zachary Loo,2026-04-10,15:40:05,-07:00,2026-04-10T15:40:05-07:00,12,91
resume\index.html,192,html,93d06673,Zachary Loo,2026-04-10,15:40:05,-07:00,2026-04-10T15:40:05-07:00,14,2
resume\index.html,193,html,93d06673,Zachary Loo,2026-04-10,15:40:05,-07:00,2026-04-10T15:40:05-07:00,14,12
resume\index.html,194,html,93d06673,Zachary Loo,2026-04-10,15:40:05,-07:00,2026-04-10T15:40:05-07:00,10,3
resume\index.html,195,html,93d06673,Zachary Loo,2026-04-10,15:40:05,-07:00,2026-04-10T15:40:05-07:00,10,2
resume\index.html,196,html,93d06673,Zachary Loo,2026-04-10,15:40:05,-07:00,2026-04-10T15:40:05-07:00,12,60
resume\index.html,197,html,93d06673,Zachary Loo,2026-04-10,15:40:05,-07:00,2026-04-10T15:40:05-07:00,10,3
resume\index.html,198,html,93d06673,Zachary Loo,2026-04-10,15:40:05,-07:00,2026-04-10T15:40:05-07:00,8,3
resume\index.html,199,html,93d06673,Zachary Loo,2026-04-10,15:40:05,-07:00,2026-04-10T15:40:05-07:00,0,0
resume\index.html,200,html,93d06673,Zachary Loo,2026-04-10,15:40:05,-07:00,2026-04-10T15:40:05-07:00,6,8
resume\index.html,201,html,93d06673,Zachary Loo,2026-04-10,15:40:05,-07:00,2026-04-10T15:40:05-07:00,0,0
resume\index.html,202,html,93d06673,Zachary Loo,2026-04-10,15:40:05,-07:00,2026-04-10T15:40:05-07:00,6,7
resume\index.html,203,html,93d06673,Zachary Loo,2026-04-10,15:40:05,-07:00,2026-04-10T15:40:05-07:00,8,23
resume\index.html,204,html,93d06673,Zachary Loo,2026-04-10,15:40:05,-07:00,2026-04-10T15:40:05-07:00,0,0
resume\index.html,205,html,93d06673,Zachary Loo,2026-04-10,15:40:05,-07:00,2026-04-10T15:40:05-07:00,8,2
resume\index.html,206,html,93d06673,Zachary Loo,2026-04-10,15:40:05,-07:00,2026-04-10T15:40:05-07:00,10,2
resume\index.html,207,html,93d06673,Zachary Loo,2026-04-10,15:40:05,-07:00,2026-04-10T15:40:05-07:00,12,48
resume\index.html,208,html,93d06673,Zachary Loo,2026-04-10,15:40:05,-07:00,2026-04-10T15:40:05-07:00,10,3
resume\index.html,209,html,93d06673,Zachary Loo,2026-04-10,15:40:05,-07:00,2026-04-10T15:40:05-07:00,10,2
resume\index.html,210,html,93d06673,Zachary Loo,2026-04-10,15:40:05,-07:00,2026-04-10T15:40:05-07:00,12,94
resume\index.html,211,html,93d06673,Zachary Loo,2026-04-10,15:40:05,-07:00,2026-04-10T15:40:05-07:00,14,18
resume\index.html,212,html,93d06673,Zachary Loo,2026-04-10,15:40:05,-07:00,2026-04-10T15:40:05-07:00,10,3
resume\index.html,213,html,93d06673,Zachary Loo,2026-04-10,15:40:05,-07:00,2026-04-10T15:40:05-07:00,10,2
resume\index.html,214,html,93d06673,Zachary Loo,2026-04-10,15:40:05,-07:00,2026-04-10T15:40:05-07:00,12,45
resume\index.html,215,html,93d06673,Zachary Loo,2026-04-10,15:40:05,-07:00,2026-04-10T15:40:05-07:00,10,3
resume\index.html,216,html,93d06673,Zachary Loo,2026-04-10,15:40:05,-07:00,2026-04-10T15:40:05-07:00,10,2
resume\index.html,217,html,93d06673,Zachary Loo,2026-04-10,15:40:05,-07:00,2026-04-10T15:40:05-07:00,12,48
resume\index.html,218,html,93d06673,Zachary Loo,2026-04-10,15:40:05,-07:00,2026-04-10T15:40:05-07:00,10,3
resume\index.html,219,html,93d06673,Zachary Loo,2026-04-10,15:40:05,-07:00,2026-04-10T15:40:05-07:00,10,2
resume\index.html,220,html,93d06673,Zachary Loo,2026-04-10,15:40:05,-07:00,2026-04-10T15:40:05-07:00,12,70
resume\index.html,221,html,93d06673,Zachary Loo,2026-04-10,15:40:05,-07:00,2026-04-10T15:40:05-07:00,10,3
resume\index.html,222,html,93d06673,Zachary Loo,2026-04-10,15:40:05,-07:00,2026-04-10T15:40:05-07:00,10,2
resume\index.html,223,html,93d06673,Zachary Loo,2026-04-10,15:40:05,-07:00,2026-04-10T15:40:05-07:00,12,92
resume\index.html,224,html,93d06673,Zachary Loo,2026-04-10,15:40:05,-07:00,2026-04-10T15:40:05-07:00,14,14
resume\index.html,225,html,93d06673,Zachary Loo,2026-04-10,15:40:05,-07:00,2026-04-10T15:40:05-07:00,10,3
resume\index.html,226,html,93d06673,Zachary Loo,2026-04-10,15:40:05,-07:00,2026-04-10T15:40:05-07:00,10,2
resume\index.html,227,html,93d06673,Zachary Loo,2026-04-10,15:40:05,-07:00,2026-04-10T15:40:05-07:00,12,51
resume\index.html,228,html,93d06673,Zachary Loo,2026-04-10,15:40:05,-07:00,2026-04-10T15:40:05-07:00,10,3
resume\index.html,229,html,93d06673,Zachary Loo,2026-04-10,15:40:05,-07:00,2026-04-10T15:40:05-07:00,8,3
resume\index.html,230,html,93d06673,Zachary Loo,2026-04-10,15:40:05,-07:00,2026-04-10T15:40:05-07:00,0,0
resume\index.html,231,html,93d06673,Zachary Loo,2026-04-10,15:40:05,-07:00,2026-04-10T15:40:05-07:00,6,8
resume\index.html,232,html,93d06673,Zachary Loo,2026-04-10,15:40:05,-07:00,2026-04-10T15:40:05-07:00,4,8
resume\index.html,233,html,93d06673,Zachary Loo,2026-04-10,15:40:05,-07:00,2026-04-10T15:40:05-07:00,2,4
resume\index.html,234,html,323db6b6,Zachary Loo,2026-04-02,16:41:08,-07:00,2026-04-02T16:41:08-07:00,0,0
resume\index.html,235,html,323db6b6,Zachary Loo,2026-04-02,16:41:08,-07:00,2026-04-02T16:41:08-07:00,0,5
resume\index.html,236,html,93d06673,Zachary Loo,2026-04-10,15:40:05,-07:00,2026-04-10T15:40:05-07:00,0,0
resume\index.html,237,html,323db6b6,Zachary Loo,2026-04-02,16:41:08,-07:00,2026-04-02T16:41:08-07:00,0,5
projects\projects.js,1,js,312c3215,Zachary Loo,2026-04-22,15:06:36,-07:00,2026-04-22T15:06:36-07:00,0,55
projects\projects.js,2,js,312c3215,Zachary Loo,2026-04-22,15:06:36,-07:00,2026-04-22T15:06:36-07:00,0,0
projects\projects.js,3,js,8169f5c6,Zachary Loo,2026-05-01,15:29:48,-07:00,2026-05-01T15:29:48-07:00,0,63
projects\projects.js,4,js,8169f5c6,Zachary Loo,2026-05-01,15:29:48,-07:00,2026-05-01T15:29:48-07:00,0,0
projects\projects.js,5,js,312c3215,Zachary Loo,2026-04-22,15:06:36,-07:00,2026-04-22T15:06:36-07:00,0,55
projects\projects.js,6,js,312c3215,Zachary Loo,2026-04-22,15:06:36,-07:00,2026-04-22T15:06:36-07:00,0,60
projects\projects.js,7,js,312c3215,Zachary Loo,2026-04-22,15:06:36,-07:00,2026-04-22T15:06:36-07:00,0,0
projects\projects.js,8,js,8169f5c6,Zachary Loo,2026-05-01,15:29:48,-07:00,2026-05-01T15:29:48-07:00,0,48
projects\projects.js,9,js,312c3215,Zachary Loo,2026-04-22,15:06:36,-07:00,2026-04-22T15:06:36-07:00,0,0
projects\projects.js,10,js,312c3215,Zachary Loo,2026-04-22,15:06:36,-07:00,2026-04-22T15:06:36-07:00,0,52
projects\projects.js,11,js,312c3215,Zachary Loo,2026-04-22,15:06:36,-07:00,2026-04-22T15:06:36-07:00,0,45
projects\projects.js,12,js,8169f5c6,Zachary Loo,2026-05-01,15:29:48,-07:00,2026-05-01T15:29:48-07:00,0,0
projects\projects.js,13,js,8169f5c6,Zachary Loo,2026-05-01,15:29:48,-07:00,2026-05-01T15:29:48-07:00,0,0
projects\projects.js,14,js,8169f5c6,Zachary Loo,2026-05-01,15:29:48,-07:00,2026-05-01T15:29:48-07:00,0,7
projects\projects.js,15,js,8169f5c6,Zachary Loo,2026-05-01,15:29:48,-07:00,2026-05-01T15:29:48-07:00,0,57
projects\projects.js,16,js,8169f5c6,Zachary Loo,2026-05-01,15:29:48,-07:00,2026-05-01T15:29:48-07:00,0,0
projects\projects.js,17,js,8169f5c6,Zachary Loo,2026-05-01,15:29:48,-07:00,2026-05-01T15:29:48-07:00,0,25
projects\projects.js,18,js,8169f5c6,Zachary Loo,2026-05-01,15:29:48,-07:00,2026-05-01T15:29:48-07:00,0,13
projects\projects.js,19,js,8169f5c6,Zachary Loo,2026-05-01,15:29:48,-07:00,2026-05-01T15:29:48-07:00,0,33
projects\projects.js,20,js,8169f5c6,Zachary Loo,2026-05-01,15:29:48,-07:00,2026-05-01T15:29:48-07:00,0,34
projects\projects.js,21,js,8169f5c6,Zachary Loo,2026-05-01,15:29:48,-07:00,2026-05-01T15:29:48-07:00,0,33
projects\projects.js,22,js,8169f5c6,Zachary Loo,2026-05-01,15:29:48,-07:00,2026-05-01T15:29:48-07:00,0,32
projects\projects.js,23,js,8169f5c6,Zachary Loo,2026-05-01,15:29:48,-07:00,2026-05-01T15:29:48-07:00,0,32
projects\projects.js,24,js,8169f5c6,Zachary Loo,2026-05-01,15:29:48,-07:00,2026-05-01T15:29:48-07:00,0,35
projects\projects.js,25,js,8169f5c6,Zachary Loo,2026-05-01,15:29:48,-07:00,2026-05-01T15:29:48-07:00,0,3
projects\projects.js,26,js,8169f5c6,Zachary Loo,2026-05-01,15:29:48,-07:00,2026-05-01T15:29:48-07:00,0,0
projects\projects.js,27,js,8169f5c6,Zachary Loo,2026-05-01,15:29:48,-07:00,2026-05-01T15:29:48-07:00,0,21
projects\projects.js,28,js,8169f5c6,Zachary Loo,2026-05-01,15:29:48,-07:00,2026-05-01T15:29:48-07:00,0,26
projects\projects.js,29,js,8169f5c6,Zachary Loo,2026-05-01,15:29:48,-07:00,2026-05-01T15:29:48-07:00,2,7
projects\projects.js,30,js,8169f5c6,Zachary Loo,2026-05-01,15:29:48,-07:00,2026-05-01T15:29:48-07:00,2,14
projects\projects.js,31,js,8169f5c6,Zachary Loo,2026-05-01,15:29:48,-07:00,2026-05-01T15:29:48-07:00,2,12
projects\projects.js,32,js,8169f5c6,Zachary Loo,2026-05-01,15:29:48,-07:00,2026-05-01T15:29:48-07:00,0,0
projects\projects.js,33,js,8169f5c6,Zachary Loo,2026-05-01,15:29:48,-07:00,2026-05-01T15:29:48-07:00,0,44
projects\projects.js,34,js,8169f5c6,Zachary Loo,2026-05-01,15:29:48,-07:00,2026-05-01T15:29:48-07:00,2,35
projects\projects.js,35,js,8169f5c6,Zachary Loo,2026-05-01,15:29:48,-07:00,2026-05-01T15:29:48-07:00,0,1
projects\projects.js,36,js,8169f5c6,Zachary Loo,2026-05-01,15:29:48,-07:00,2026-05-01T15:29:48-07:00,0,0
projects\projects.js,37,js,8169f5c6,Zachary Loo,2026-05-01,15:29:48,-07:00,2026-05-01T15:29:48-07:00,0,46
projects\projects.js,38,js,8169f5c6,Zachary Loo,2026-05-01,15:29:48,-07:00,2026-05-01T15:29:48-07:00,0,50
projects\projects.js,39,js,8169f5c6,Zachary Loo,2026-05-01,15:29:48,-07:00,2026-05-01T15:29:48-07:00,0,33
projects\projects.js,40,js,8169f5c6,Zachary Loo,2026-05-01,15:29:48,-07:00,2026-05-01T15:29:48-07:00,0,45
projects\projects.js,41,js,8169f5c6,Zachary Loo,2026-05-01,15:29:48,-07:00,2026-05-01T15:29:48-07:00,0,0
projects\projects.js,42,js,8169f5c6,Zachary Loo,2026-05-01,15:29:48,-07:00,2026-05-01T15:29:48-07:00,0,28
projects\projects.js,43,js,8169f5c6,Zachary Loo,2026-05-01,15:29:48,-07:00,2026-05-01T15:29:48-07:00,0,0
projects\projects.js,44,js,8169f5c6,Zachary Loo,2026-05-01,15:29:48,-07:00,2026-05-01T15:29:48-07:00,0,0
projects\projects.js,45,js,8169f5c6,Zachary Loo,2026-05-01,15:29:48,-07:00,2026-05-01T15:29:48-07:00,0,0
projects\projects.js,46,js,8169f5c6,Zachary Loo,2026-05-01,15:29:48,-07:00,2026-05-01T15:29:48-07:00,0,13
projects\projects.js,47,js,8169f5c6,Zachary Loo,2026-05-01,15:29:48,-07:00,2026-05-01T15:29:48-07:00,0,13
projects\projects.js,48,js,8169f5c6,Zachary Loo,2026-05-01,15:29:48,-07:00,2026-05-01T15:29:48-07:00,0,0
projects\projects.js,49,js,8169f5c6,Zachary Loo,2026-05-01,15:29:48,-07:00,2026-05-01T15:29:48-07:00,0,53
projects\projects.js,50,js,8169f5c6,Zachary Loo,2026-05-01,15:29:48,-07:00,2026-05-01T15:29:48-07:00,0,0
projects\projects.js,51,js,8169f5c6,Zachary Loo,2026-05-01,15:29:48,-07:00,2026-05-01T15:29:48-07:00,0,16
projects\projects.js,52,js,8169f5c6,Zachary Loo,2026-05-01,15:29:48,-07:00,2026-05-01T15:29:48-07:00,0,51
projects\projects.js,53,js,8169f5c6,Zachary Loo,2026-05-01,15:29:48,-07:00,2026-05-01T15:29:48-07:00,0,26
projects\projects.js,54,js,8169f5c6,Zachary Loo,2026-05-01,15:29:48,-07:00,2026-05-01T15:29:48-07:00,0,32
projects\projects.js,55,js,8169f5c6,Zachary Loo,2026-05-01,15:29:48,-07:00,2026-05-01T15:29:48-07:00,0,0
projects\projects.js,56,js,8169f5c6,Zachary Loo,2026-05-01,15:29:48,-07:00,2026-05-01T15:29:48-07:00,0,33
projects\projects.js,57,js,8169f5c6,Zachary Loo,2026-05-01,15:29:48,-07:00,2026-05-01T15:29:48-07:00,0,58
projects\projects.js,58,js,8169f5c6,Zachary Loo,2026-05-01,15:29:48,-07:00,2026-05-01T15:29:48-07:00,0,70
projects\projects.js,59,js,8169f5c6,Zachary Loo,2026-05-01,15:29:48,-07:00,2026-05-01T15:29:48-07:00,0,53
projects\projects.js,60,js,8169f5c6,Zachary Loo,2026-05-01,15:29:48,-07:00,2026-05-01T15:29:48-07:00,0,6
projects\projects.js,61,js,8169f5c6,Zachary Loo,2026-05-01,15:29:48,-07:00,2026-05-01T15:29:48-07:00,0,0
projects\projects.js,62,js,8169f5c6,Zachary Loo,2026-05-01,15:29:48,-07:00,2026-05-01T15:29:48-07:00,0,7
projects\projects.js,63,js,8169f5c6,Zachary Loo,2026-05-01,15:29:48,-07:00,2026-05-01T15:29:48-07:00,0,38
projects\projects.js,64,js,8169f5c6,Zachary Loo,2026-05-01,15:29:48,-07:00,2026-05-01T15:29:48-07:00,0,63
projects\projects.js,65,js,8169f5c6,Zachary Loo,2026-05-01,15:29:48,-07:00,2026-05-01T15:29:48-07:00,0,4
projects\projects.js,66,js,8169f5c6,Zachary Loo,2026-05-01,15:29:48,-07:00,2026-05-01T15:29:48-07:00,0,0
projects\projects.js,67,js,8169f5c6,Zachary Loo,2026-05-01,15:29:48,-07:00,2026-05-01T15:29:48-07:00,0,31
projects\projects.js,68,js,8169f5c6,Zachary Loo,2026-05-01,15:29:48,-07:00,2026-05-01T15:29:48-07:00,0,21
projects\projects.js,69,js,8169f5c6,Zachary Loo,2026-05-01,15:29:48,-07:00,2026-05-01T15:29:48-07:00,0,0
projects\projects.js,70,js,8169f5c6,Zachary Loo,2026-05-01,15:29:48,-07:00,2026-05-01T15:29:48-07:00,0,19
projects\projects.js,71,js,8169f5c6,Zachary Loo,2026-05-01,15:29:48,-07:00,2026-05-01T15:29:48-07:00,0,0
projects\projects.js,72,js,8169f5c6,Zachary Loo,2026-05-01,15:29:48,-07:00,2026-05-01T15:29:48-07:00,0,40
projects\projects.js,73,js,8169f5c6,Zachary Loo,2026-05-01,15:29:48,-07:00,2026-05-01T15:29:48-07:00,0,38
projects\projects.js,74,js,8169f5c6,Zachary Loo,2026-05-01,15:29:48,-07:00,2026-05-01T15:29:48-07:00,0,0
projects\projects.js,75,js,8169f5c6,Zachary Loo,2026-05-01,15:29:48,-07:00,2026-05-01T15:29:48-07:00,0,0
projects\projects.js,76,js,8169f5c6,Zachary Loo,2026-05-01,15:29:48,-07:00,2026-05-01T15:29:48-07:00,2,25
projects\projects.js,77,js,8169f5c6,Zachary Loo,2026-05-01,15:29:48,-07:00,2026-05-01T15:29:48-07:00,2,29
projects\projects.js,78,js,8169f5c6,Zachary Loo,2026-05-01,15:29:48,-07:00,2026-05-01T15:29:48-07:00,4,12
projects\projects.js,79,js,8169f5c6,Zachary Loo,2026-05-01,15:29:48,-07:00,2026-05-01T15:29:48-07:00,4,14
projects\projects.js,80,js,8169f5c6,Zachary Loo,2026-05-01,15:29:48,-07:00,2026-05-01T15:29:48-07:00,4,12
projects\projects.js,81,js,8169f5c6,Zachary Loo,2026-05-01,15:29:48,-07:00,2026-05-01T15:29:48-07:00,2,0
projects\projects.js,82,js,8169f5c6,Zachary Loo,2026-05-01,15:29:48,-07:00,2026-05-01T15:29:48-07:00,2,18
projects\projects.js,83,js,8169f5c6,Zachary Loo,2026-05-01,15:29:48,-07:00,2026-05-01T15:29:48-07:00,2,50
projects\projects.js,84,js,8169f5c6,Zachary Loo,2026-05-01,15:29:48,-07:00,2026-05-01T15:29:48-07:00,4,43
projects\projects.js,85,js,8169f5c6,Zachary Loo,2026-05-01,15:29:48,-07:00,2026-05-01T15:29:48-07:00,2,1
projects\projects.js,86,js,8169f5c6,Zachary Loo,2026-05-01,15:29:48,-07:00,2026-05-01T15:29:48-07:00,0,0
projects\projects.js,87,js,8169f5c6,Zachary Loo,2026-05-01,15:29:48,-07:00,2026-05-01T15:29:48-07:00,2,50
projects\projects.js,88,js,8169f5c6,Zachary Loo,2026-05-01,15:29:48,-07:00,2026-05-01T15:29:48-07:00,2,52
projects\projects.js,89,js,8169f5c6,Zachary Loo,2026-05-01,15:29:48,-07:00,2026-05-01T15:29:48-07:00,2,42
projects\projects.js,90,js,8169f5c6,Zachary Loo,2026-05-01,15:29:48,-07:00,2026-05-01T15:29:48-07:00,2,51
projects\projects.js,91,js,8169f5c6,Zachary Loo,2026-05-01,15:29:48,-07:00,2026-05-01T15:29:48-07:00,0,0
projects\projects.js,92,js,8169f5c6,Zachary Loo,2026-05-01,15:29:48,-07:00,2026-05-01T15:29:48-07:00,2,33
projects\projects.js,93,js,8169f5c6,Zachary Loo,2026-05-01,15:29:48,-07:00,2026-05-01T15:29:48-07:00,2,28
projects\projects.js,94,js,8169f5c6,Zachary Loo,2026-05-01,15:29:48,-07:00,2026-05-01T15:29:48-07:00,2,34
projects\projects.js,95,js,8169f5c6,Zachary Loo,2026-05-01,15:29:48,-07:00,2026-05-01T15:29:48-07:00,2,32
projects\projects.js,96,js,8169f5c6,Zachary Loo,2026-05-01,15:29:48,-07:00,2026-05-01T15:29:48-07:00,2,33
projects\projects.js,97,js,8169f5c6,Zachary Loo,2026-05-01,15:29:48,-07:00,2026-05-01T15:29:48-07:00,0,0
projects\projects.js,98,js,8169f5c6,Zachary Loo,2026-05-01,15:29:48,-07:00,2026-05-01T15:29:48-07:00,2,53
projects\projects.js,99,js,8169f5c6,Zachary Loo,2026-05-01,15:29:48,-07:00,2026-05-01T15:29:48-07:00,0,0
projects\projects.js,100,js,8169f5c6,Zachary Loo,2026-05-01,15:29:48,-07:00,2026-05-01T15:29:48-07:00,2,31
projects\projects.js,101,js,8169f5c6,Zachary Loo,2026-05-01,15:29:48,-07:00,2026-05-01T15:29:48-07:00,4,14
projects\projects.js,102,js,8169f5c6,Zachary Loo,2026-05-01,15:29:48,-07:00,2026-05-01T15:29:48-07:00,6,13
projects\projects.js,103,js,8169f5c6,Zachary Loo,2026-05-01,15:29:48,-07:00,2026-05-01T15:29:48-07:00,6,13
projects\projects.js,104,js,8169f5c6,Zachary Loo,2026-05-01,15:29:48,-07:00,2026-05-01T15:29:48-07:00,6,26
projects\projects.js,105,js,8169f5c6,Zachary Loo,2026-05-01,15:29:48,-07:00,2026-05-01T15:29:48-07:00,6,18
projects\projects.js,106,js,8169f5c6,Zachary Loo,2026-05-01,15:29:48,-07:00,2026-05-01T15:29:48-07:00,8,51
projects\projects.js,107,js,8169f5c6,Zachary Loo,2026-05-01,15:29:48,-07:00,2026-05-01T15:29:48-07:00,0,0
projects\projects.js,108,js,8169f5c6,Zachary Loo,2026-05-01,15:29:48,-07:00,2026-05-01T15:29:48-07:00,8,24
projects\projects.js,109,js,8169f5c6,Zachary Loo,2026-05-01,15:29:48,-07:00,2026-05-01T15:29:48-07:00,8,4
projects\projects.js,110,js,8169f5c6,Zachary Loo,2026-05-01,15:29:48,-07:00,2026-05-01T15:29:48-07:00,10,16
projects\projects.js,111,js,8169f5c6,Zachary Loo,2026-05-01,15:29:48,-07:00,2026-05-01T15:29:48-07:00,10,26
projects\projects.js,112,js,8169f5c6,Zachary Loo,2026-05-01,15:29:48,-07:00,2026-05-01T15:29:48-07:00,12,43
projects\projects.js,113,js,8169f5c6,Zachary Loo,2026-05-01,15:29:48,-07:00,2026-05-01T15:29:48-07:00,10,1
projects\projects.js,114,js,8169f5c6,Zachary Loo,2026-05-01,15:29:48,-07:00,2026-05-01T15:29:48-07:00,0,0
projects\projects.js,115,js,8169f5c6,Zachary Loo,2026-05-01,15:29:48,-07:00,2026-05-01T15:29:48-07:00,8,7
projects\projects.js,116,js,8169f5c6,Zachary Loo,2026-05-01,15:29:48,-07:00,2026-05-01T15:29:48-07:00,10,14
projects\projects.js,117,js,8169f5c6,Zachary Loo,2026-05-01,15:29:48,-07:00,2026-05-01T15:29:48-07:00,10,26
projects\projects.js,118,js,8169f5c6,Zachary Loo,2026-05-01,15:29:48,-07:00,2026-05-01T15:29:48-07:00,12,48
projects\projects.js,119,js,8169f5c6,Zachary Loo,2026-05-01,15:29:48,-07:00,2026-05-01T15:29:48-07:00,10,1
projects\projects.js,120,js,8169f5c6,Zachary Loo,2026-05-01,15:29:48,-07:00,2026-05-01T15:29:48-07:00,0,0
projects\projects.js,121,js,8169f5c6,Zachary Loo,2026-05-01,15:29:48,-07:00,2026-05-01T15:29:48-07:00,8,28
projects\projects.js,122,js,8169f5c6,Zachary Loo,2026-05-01,15:29:48,-07:00,2026-05-01T15:29:48-07:00,0,0
projects\projects.js,123,js,8169f5c6,Zachary Loo,2026-05-01,15:29:48,-07:00,2026-05-01T15:29:48-07:00,8,25
projects\projects.js,124,js,8169f5c6,Zachary Loo,2026-05-01,15:29:48,-07:00,2026-05-01T15:29:48-07:00,10,11
projects\projects.js,125,js,8169f5c6,Zachary Loo,2026-05-01,15:29:48,-07:00,2026-05-01T15:29:48-07:00,10,50
projects\projects.js,126,js,8169f5c6,Zachary Loo,2026-05-01,15:29:48,-07:00,2026-05-01T15:29:48-07:00,0,0
projects\projects.js,127,js,8169f5c6,Zachary Loo,2026-05-01,15:29:48,-07:00,2026-05-01T15:29:48-07:00,10,28
projects\projects.js,128,js,8169f5c6,Zachary Loo,2026-05-01,15:29:48,-07:00,2026-05-01T15:29:48-07:00,10,43
projects\projects.js,129,js,8169f5c6,Zachary Loo,2026-05-01,15:29:48,-07:00,2026-05-01T15:29:48-07:00,10,22
projects\projects.js,130,js,8169f5c6,Zachary Loo,2026-05-01,15:29:48,-07:00,2026-05-01T15:29:48-07:00,10,51
projects\projects.js,131,js,8169f5c6,Zachary Loo,2026-05-01,15:29:48,-07:00,2026-05-01T15:29:48-07:00,0,0
projects\projects.js,132,js,8169f5c6,Zachary Loo,2026-05-01,15:29:48,-07:00,2026-05-01T15:29:48-07:00,12,54
projects\projects.js,133,js,8169f5c6,Zachary Loo,2026-05-01,15:29:48,-07:00,2026-05-01T15:29:48-07:00,12,44
projects\projects.js,134,js,8169f5c6,Zachary Loo,2026-05-01,15:29:48,-07:00,2026-05-01T15:29:48-07:00,12,64
projects\projects.js,135,js,8169f5c6,Zachary Loo,2026-05-01,15:29:48,-07:00,2026-05-01T15:29:48-07:00,6,0
projects\projects.js,136,js,8169f5c6,Zachary Loo,2026-05-01,15:29:48,-07:00,2026-05-01T15:29:48-07:00,12,28
projects\projects.js,137,js,8169f5c6,Zachary Loo,2026-05-01,15:29:48,-07:00,2026-05-01T15:29:48-07:00,0,0
projects\projects.js,138,js,8169f5c6,Zachary Loo,2026-05-01,15:29:48,-07:00,2026-05-01T15:29:48-07:00,12,22
projects\projects.js,139,js,8169f5c6,Zachary Loo,2026-05-01,15:29:48,-07:00,2026-05-01T15:29:48-07:00,14,34
projects\projects.js,140,js,8169f5c6,Zachary Loo,2026-05-01,15:29:48,-07:00,2026-05-01T15:29:48-07:00,14,59
projects\projects.js,141,js,8169f5c6,Zachary Loo,2026-05-01,15:29:48,-07:00,2026-05-01T15:29:48-07:00,14,41
projects\projects.js,142,js,8169f5c6,Zachary Loo,2026-05-01,15:29:48,-07:00,2026-05-01T15:29:48-07:00,12,6
projects\projects.js,143,js,8169f5c6,Zachary Loo,2026-05-01,15:29:48,-07:00,2026-05-01T15:29:48-07:00,14,8
projects\projects.js,144,js,8169f5c6,Zachary Loo,2026-05-01,15:29:48,-07:00,2026-05-01T15:29:48-07:00,14,17
projects\projects.js,145,js,8169f5c6,Zachary Loo,2026-05-01,15:29:48,-07:00,2026-05-01T15:29:48-07:00,12,0
projects\projects.js,146,js,8169f5c6,Zachary Loo,2026-05-01,15:29:48,-07:00,2026-05-01T15:29:48-07:00,0,0
projects\projects.js,147,js,8169f5c6,Zachary Loo,2026-05-01,15:29:48,-07:00,2026-05-01T15:29:48-07:00,10,1
projects\projects.js,148,js,8169f5c6,Zachary Loo,2026-05-01,15:29:48,-07:00,2026-05-01T15:29:48-07:00,10,15
projects\projects.js,149,js,8169f5c6,Zachary Loo,2026-05-01,15:29:48,-07:00,2026-05-01T15:29:48-07:00,12,47
projects\projects.js,150,js,8169f5c6,Zachary Loo,2026-05-01,15:29:48,-07:00,2026-05-01T15:29:48-07:00,12,23
projects\projects.js,151,js,8169f5c6,Zachary Loo,2026-05-01,15:29:48,-07:00,2026-05-01T15:29:48-07:00,10,6
projects\projects.js,152,js,8169f5c6,Zachary Loo,2026-05-01,15:29:48,-07:00,2026-05-01T15:29:48-07:00,12,55
projects\projects.js,153,js,8169f5c6,Zachary Loo,2026-05-01,15:29:48,-07:00,2026-05-01T15:29:48-07:00,12,31
projects\projects.js,154,js,8169f5c6,Zachary Loo,2026-05-01,15:29:48,-07:00,2026-05-01T15:29:48-07:00,10,0
projects\projects.js,155,js,8169f5c6,Zachary Loo,2026-05-01,15:29:48,-07:00,2026-05-01T15:29:48-07:00,10,0
projects\projects.js,156,js,8169f5c6,Zachary Loo,2026-05-01,15:29:48,-07:00,2026-05-01T15:29:48-07:00,0,0
projects\projects.js,157,js,8169f5c6,Zachary Loo,2026-05-01,15:29:48,-07:00,2026-05-01T15:29:48-07:00,0,0
projects\projects.js,158,js,8169f5c6,Zachary Loo,2026-05-01,15:29:48,-07:00,2026-05-01T15:29:48-07:00,8,6
projects\projects.js,159,js,8169f5c6,Zachary Loo,2026-05-01,15:29:48,-07:00,2026-05-01T15:29:48-07:00,10,0
projects\projects.js,160,js,8169f5c6,Zachary Loo,2026-05-01,15:29:48,-07:00,2026-05-01T15:29:48-07:00,10,27
projects\projects.js,161,js,8169f5c6,Zachary Loo,2026-05-01,15:29:48,-07:00,2026-05-01T15:29:48-07:00,12,26
projects\projects.js,162,js,8169f5c6,Zachary Loo,2026-05-01,15:29:48,-07:00,2026-05-01T15:29:48-07:00,14,51
projects\projects.js,163,js,8169f5c6,Zachary Loo,2026-05-01,15:29:48,-07:00,2026-05-01T15:29:48-07:00,0,0
projects\projects.js,164,js,8169f5c6,Zachary Loo,2026-05-01,15:29:48,-07:00,2026-05-01T15:29:48-07:00,16,34
projects\projects.js,165,js,8169f5c6,Zachary Loo,2026-05-01,15:29:48,-07:00,2026-05-01T15:29:48-07:00,0,0
projects\projects.js,166,js,8169f5c6,Zachary Loo,2026-05-01,15:29:48,-07:00,2026-05-01T15:29:48-07:00,16,31
projects\projects.js,167,js,8169f5c6,Zachary Loo,2026-05-01,15:29:48,-07:00,2026-05-01T15:29:48-07:00,0,0
projects\projects.js,168,js,8169f5c6,Zachary Loo,2026-05-01,15:29:48,-07:00,2026-05-01T15:29:48-07:00,16,40
projects\projects.js,169,js,8169f5c6,Zachary Loo,2026-05-01,15:29:48,-07:00,2026-05-01T15:29:48-07:00,16,26
projects\projects.js,170,js,8169f5c6,Zachary Loo,2026-05-01,15:29:48,-07:00,2026-05-01T15:29:48-07:00,16,22
projects\projects.js,171,js,8169f5c6,Zachary Loo,2026-05-01,15:29:48,-07:00,2026-05-01T15:29:48-07:00,18,34
projects\projects.js,172,js,8169f5c6,Zachary Loo,2026-05-01,15:29:48,-07:00,2026-05-01T15:29:48-07:00,18,59
projects\projects.js,173,js,8169f5c6,Zachary Loo,2026-05-01,15:29:48,-07:00,2026-05-01T15:29:48-07:00,18,76
projects\projects.js,174,js,8169f5c6,Zachary Loo,2026-05-01,15:29:48,-07:00,2026-05-01T15:29:48-07:00,0,0
projects\projects.js,175,js,8169f5c6,Zachary Loo,2026-05-01,15:29:48,-07:00,2026-05-01T15:29:48-07:00,16,6
projects\projects.js,176,js,8169f5c6,Zachary Loo,2026-05-01,15:29:48,-07:00,2026-05-01T15:29:48-07:00,18,46
projects\projects.js,177,js,8169f5c6,Zachary Loo,2026-05-01,15:29:48,-07:00,2026-05-01T15:29:48-07:00,18,35
projects\projects.js,178,js,8169f5c6,Zachary Loo,2026-05-01,15:29:48,-07:00,2026-05-01T15:29:48-07:00,16,0
projects\projects.js,179,js,8169f5c6,Zachary Loo,2026-05-01,15:29:48,-07:00,2026-05-01T15:29:48-07:00,0,0
projects\projects.js,180,js,8169f5c6,Zachary Loo,2026-05-01,15:29:48,-07:00,2026-05-01T15:29:48-07:00,0,0
projects\projects.js,181,js,8169f5c6,Zachary Loo,2026-05-01,15:29:48,-07:00,2026-05-01T15:29:48-07:00,14,1
projects\projects.js,182,js,8169f5c6,Zachary Loo,2026-05-01,15:29:48,-07:00,2026-05-01T15:29:48-07:00,14,55
projects\projects.js,183,js,8169f5c6,Zachary Loo,2026-05-01,15:29:48,-07:00,2026-05-01T15:29:48-07:00,0,0
projects\projects.js,184,js,8169f5c6,Zachary Loo,2026-05-01,15:29:48,-07:00,2026-05-01T15:29:48-07:00,0,0
projects\projects.js,185,js,8169f5c6,Zachary Loo,2026-05-01,15:29:48,-07:00,2026-05-01T15:29:48-07:00,12,0
projects\projects.js,186,js,8169f5c6,Zachary Loo,2026-05-01,15:29:48,-07:00,2026-05-01T15:29:48-07:00,10,1
projects\projects.js,187,js,8169f5c6,Zachary Loo,2026-05-01,15:29:48,-07:00,2026-05-01T15:29:48-07:00,0,0
projects\projects.js,188,js,8169f5c6,Zachary Loo,2026-05-01,15:29:48,-07:00,2026-05-01T15:29:48-07:00,0,0
projects\projects.js,189,js,8169f5c6,Zachary Loo,2026-05-01,15:29:48,-07:00,2026-05-01T15:29:48-07:00,8,0
projects\projects.js,190,js,8169f5c6,Zachary Loo,2026-05-01,15:29:48,-07:00,2026-05-01T15:29:48-07:00,6,1
projects\projects.js,191,js,8169f5c6,Zachary Loo,2026-05-01,15:29:48,-07:00,2026-05-01T15:29:48-07:00,2,1
projects\projects.js,192,js,8169f5c6,Zachary Loo,2026-05-01,15:29:48,-07:00,2026-05-01T15:29:48-07:00,0,0
projects\projects.js,193,js,8169f5c6,Zachary Loo,2026-05-01,15:29:48,-07:00,2026-05-01T15:29:48-07:00,2,32
projects\projects.js,194,js,8169f5c6,Zachary Loo,2026-05-01,15:29:48,-07:00,2026-05-01T15:29:48-07:00,2,27
projects\projects.js,195,js,8169f5c6,Zachary Loo,2026-05-01,15:29:48,-07:00,2026-05-01T15:29:48-07:00,4,4
projects\projects.js,196,js,8169f5c6,Zachary Loo,2026-05-01,15:29:48,-07:00,2026-05-01T15:29:48-07:00,6,11
projects\projects.js,197,js,8169f5c6,Zachary Loo,2026-05-01,15:29:48,-07:00,2026-05-01T15:29:48-07:00,6,25
projects\projects.js,198,js,8169f5c6,Zachary Loo,2026-05-01,15:29:48,-07:00,2026-05-01T15:29:48-07:00,6,93
projects\projects.js,199,js,8169f5c6,Zachary Loo,2026-05-01,15:29:48,-07:00,2026-05-01T15:29:48-07:00,6,99
projects\projects.js,200,js,8169f5c6,Zachary Loo,2026-05-01,15:29:48,-07:00,2026-05-01T15:29:48-07:00,2,1
projects\projects.js,201,js,8169f5c6,Zachary Loo,2026-05-01,15:29:48,-07:00,2026-05-01T15:29:48-07:00,0,0
projects\projects.js,202,js,8169f5c6,Zachary Loo,2026-05-01,15:29:48,-07:00,2026-05-01T15:29:48-07:00,0,0
projects\projects.js,203,js,8169f5c6,Zachary Loo,2026-05-01,15:29:48,-07:00,2026-05-01T15:29:48-07:00,0,32
projects\projects.js,204,js,8169f5c6,Zachary Loo,2026-05-01,15:29:48,-07:00,2026-05-01T15:29:48-07:00,0,23
projects\projects.js,205,js,8169f5c6,Zachary Loo,2026-05-01,15:29:48,-07:00,2026-05-01T15:29:48-07:00,0,0
projects\projects.js,206,js,8169f5c6,Zachary Loo,2026-05-01,15:29:48,-07:00,2026-05-01T15:29:48-07:00,0,42
projects\projects.js,207,js,8169f5c6,Zachary Loo,2026-05-01,15:29:48,-07:00,2026-05-01T15:29:48-07:00,0,48
projects\projects.js,208,js,8169f5c6,Zachary Loo,2026-05-01,15:29:48,-07:00,2026-05-01T15:29:48-07:00,0,0
projects\projects.js,209,js,8169f5c6,Zachary Loo,2026-05-01,15:29:48,-07:00,2026-05-01T15:29:48-07:00,0,0
projects\projects.js,210,js,8169f5c6,Zachary Loo,2026-05-01,15:29:48,-07:00,2026-05-01T15:29:48-07:00,2,76
projects\projects.js,211,js,8169f5c6,Zachary Loo,2026-05-01,15:29:48,-07:00,2026-05-01T15:29:48-07:00,2,25
projects\projects.js,212,js,8169f5c6,Zachary Loo,2026-05-01,15:29:48,-07:00,2026-05-01T15:29:48-07:00,0,0
projects\projects.js,213,js,8169f5c6,Zachary Loo,2026-05-01,15:29:48,-07:00,2026-05-01T15:29:48-07:00,2,26
projects\projects.js,214,js,8169f5c6,Zachary Loo,2026-05-01,15:29:48,-07:00,2026-05-01T15:29:48-07:00,2,51
projects\projects.js,215,js,8169f5c6,Zachary Loo,2026-05-01,15:29:48,-07:00,2026-05-01T15:29:48-07:00,4,59
projects\projects.js,216,js,8169f5c6,Zachary Loo,2026-05-01,15:29:48,-07:00,2026-05-01T15:29:48-07:00,0,0
projects\projects.js,217,js,8169f5c6,Zachary Loo,2026-05-01,15:29:48,-07:00,2026-05-01T15:29:48-07:00,0,0
projects\projects.js,218,js,8169f5c6,Zachary Loo,2026-05-01,15:29:48,-07:00,2026-05-01T15:29:48-07:00,4,16
projects\projects.js,219,js,8169f5c6,Zachary Loo,2026-05-01,15:29:48,-07:00,2026-05-01T15:29:48-07:00,4,21
projects\projects.js,220,js,8169f5c6,Zachary Loo,2026-05-01,15:29:48,-07:00,2026-05-01T15:29:48-07:00,4,25
projects\projects.js,221,js,8169f5c6,Zachary Loo,2026-05-01,15:29:48,-07:00,2026-05-01T15:29:48-07:00,6,43
projects\projects.js,222,js,8169f5c6,Zachary Loo,2026-05-01,15:29:48,-07:00,2026-05-01T15:29:48-07:00,6,42
projects\projects.js,223,js,8169f5c6,Zachary Loo,2026-05-01,15:29:48,-07:00,2026-05-01T15:29:48-07:00,4,0
projects\projects.js,224,js,8169f5c6,Zachary Loo,2026-05-01,15:29:48,-07:00,2026-05-01T15:29:48-07:00,0,0
projects\projects.js,225,js,8169f5c6,Zachary Loo,2026-05-01,15:29:48,-07:00,2026-05-01T15:29:48-07:00,0,0
projects\projects.js,226,js,8169f5c6,Zachary Loo,2026-05-01,15:29:48,-07:00,2026-05-01T15:29:48-07:00,4,24
projects\projects.js,227,js,8169f5c6,Zachary Loo,2026-05-01,15:29:48,-07:00,2026-05-01T15:29:48-07:00,4,57
projects\projects.js,228,js,8169f5c6,Zachary Loo,2026-05-01,15:29:48,-07:00,2026-05-01T15:29:48-07:00,0,0
projects\projects.js,229,js,8169f5c6,Zachary Loo,2026-05-01,15:29:48,-07:00,2026-05-01T15:29:48-07:00,0,0
projects\projects.js,230,js,8169f5c6,Zachary Loo,2026-05-01,15:29:48,-07:00,2026-05-01T15:29:48-07:00,2,0
projects\projects.js,231,js,8169f5c6,Zachary Loo,2026-05-01,15:29:48,-07:00,2026-05-01T15:29:48-07:00,0,0
projects\projects.js,232,js,8169f5c6,Zachary Loo,2026-05-01,15:29:48,-07:00,2026-05-01T15:29:48-07:00,2,0
projects\projects.js,233,js,8169f5c6,Zachary Loo,2026-05-01,15:29:48,-07:00,2026-05-01T15:29:48-07:00,2,31
projects\projects.js,234,js,8169f5c6,Zachary Loo,2026-05-01,15:29:48,-07:00,2026-05-01T15:29:48-07:00,2,56
projects\projects.js,235,js,8169f5c6,Zachary Loo,2026-05-01,15:29:48,-07:00,2026-05-01T15:29:48-07:00,2,31
projects\projects.js,236,js,8169f5c6,Zachary Loo,2026-05-01,15:29:48,-07:00,2026-05-01T15:29:48-07:00,0,1
projects\projects.js,237,js,8169f5c6,Zachary Loo,2026-05-01,15:29:48,-07:00,2026-05-01T15:29:48-07:00,0,0
projects\projects.js,238,js,8169f5c6,Zachary Loo,2026-05-01,15:29:48,-07:00,2026-05-01T15:29:48-07:00,0,0
projects\projects.js,239,js,8169f5c6,Zachary Loo,2026-05-01,15:29:48,-07:00,2026-05-01T15:29:48-07:00,0,0
projects\projects.js,240,js,8169f5c6,Zachary Loo,2026-05-01,15:29:48,-07:00,2026-05-01T15:29:48-07:00,0,0
projects\index.html,1,html,323db6b6,Zachary Loo,2026-04-02,16:41:08,-07:00,2026-04-02T16:41:08-07:00,0,13
projects\index.html,2,html,323db6b6,Zachary Loo,2026-04-02,16:41:08,-07:00,2026-04-02T16:41:08-07:00,0,14
projects\index.html,3,html,8169f5c6,Zachary Loo,2026-05-01,15:29:48,-07:00,2026-05-01T15:29:48-07:00,0,0
projects\index.html,4,html,323db6b6,Zachary Loo,2026-04-02,16:41:08,-07:00,2026-04-02T16:41:08-07:00,0,4
projects\index.html,5,html,323db6b6,Zachary Loo,2026-04-02,16:41:08,-07:00,2026-04-02T16:41:08-07:00,2,20
projects\index.html,6,html,323db6b6,Zachary Loo,2026-04-02,16:41:08,-07:00,2026-04-02T16:41:08-07:00,2,68
projects\index.html,7,html,323db6b6,Zachary Loo,2026-04-02,16:41:08,-07:00,2026-04-02T16:41:08-07:00,2,21
projects\index.html,8,html,323db6b6,Zachary Loo,2026-04-02,16:41:08,-07:00,2026-04-02T16:41:08-07:00,2,41
projects\index.html,9,html,8169f5c6,Zachary Loo,2026-05-01,15:29:48,-07:00,2026-05-01T15:29:48-07:00,2,48
projects\index.html,10,html,8169f5c6,Zachary Loo,2026-05-01,15:29:48,-07:00,2026-05-01T15:29:48-07:00,2,47
projects\index.html,11,html,323db6b6,Zachary Loo,2026-04-02,16:41:08,-07:00,2026-04-02T16:41:08-07:00,0,0
projects\index.html,12,html,323db6b6,Zachary Loo,2026-04-02,16:41:08,-07:00,2026-04-02T16:41:08-07:00,0,5
projects\index.html,13,html,8169f5c6,Zachary Loo,2026-05-01,15:29:48,-07:00,2026-05-01T15:29:48-07:00,0,0
projects\index.html,14,html,323db6b6,Zachary Loo,2026-04-02,16:41:08,-07:00,2026-04-02T16:41:08-07:00,0,4
projects\index.html,15,html,8169f5c6,Zachary Loo,2026-05-01,15:29:48,-07:00,2026-05-01T15:29:48-07:00,2,33
projects\index.html,16,html,323db6b6,Zachary Loo,2026-04-02,16:41:08,-07:00,2026-04-02T16:41:08-07:00,2,3
projects\index.html,17,html,323db6b6,Zachary Loo,2026-04-02,16:41:08,-07:00,2026-04-02T16:41:08-07:00,4,2
projects\index.html,18,html,03892af3,Zachary Loo,2026-04-03,14:22:21,-07:00,2026-04-03T14:22:21-07:00,6,0
projects\index.html,19,html,323db6b6,Zachary Loo,2026-04-02,16:41:08,-07:00,2026-04-02T16:41:08-07:00,6,47
projects\index.html,20,html,4ef28afb,Zachary Loo,2026-04-17,11:44:49,-07:00,2026-04-17T11:44:49-07:00,6,42
projects\index.html,21,html,323db6b6,Zachary Loo,2026-04-02,16:41:08,-07:00,2026-04-02T16:41:08-07:00,6,55
projects\index.html,22,html,323db6b6,Zachary Loo,2026-04-02,16:41:08,-07:00,2026-04-02T16:41:08-07:00,6,55
projects\index.html,23,html,03892af3,Zachary Loo,2026-04-03,14:22:21,-07:00,2026-04-03T14:22:21-07:00,6,86
projects\index.html,24,html,323db6b6,Zachary Loo,2026-04-02,16:41:08,-07:00,2026-04-02T16:41:08-07:00,0,0
projects\index.html,25,html,323db6b6,Zachary Loo,2026-04-02,16:41:08,-07:00,2026-04-02T16:41:08-07:00,4,3
projects\index.html,26,html,323db6b6,Zachary Loo,2026-04-02,16:41:08,-07:00,2026-04-02T16:41:08-07:00,0,0
projects\index.html,27,html,4ef28afb,Zachary Loo,2026-04-17,11:44:49,-07:00,2026-04-17T11:44:49-07:00,2,8
projects\index.html,28,html,8169f5c6,Zachary Loo,2026-05-01,15:29:48,-07:00,2026-05-01T15:29:48-07:00,2,38
projects\index.html,29,html,8169f5c6,Zachary Loo,2026-05-01,15:29:48,-07:00,2026-05-01T15:29:48-07:00,0,0
projects\index.html,30,html,8169f5c6,Zachary Loo,2026-05-01,15:29:48,-07:00,2026-05-01T15:29:48-07:00,2,21
projects\index.html,31,html,8169f5c6,Zachary Loo,2026-05-01,15:29:48,-07:00,2026-05-01T15:29:48-07:00,2,0
projects\index.html,32,html,8169f5c6,Zachary Loo,2026-05-01,15:29:48,-07:00,2026-05-01T15:29:48-07:00,4,52
projects\index.html,33,html,8169f5c6,Zachary Loo,2026-05-01,15:29:48,-07:00,2026-05-01T15:29:48-07:00,6,7
projects\index.html,34,html,8169f5c6,Zachary Loo,2026-05-01,15:29:48,-07:00,2026-05-01T15:29:48-07:00,4,4
projects\index.html,35,html,8169f5c6,Zachary Loo,2026-05-01,15:29:48,-07:00,2026-05-01T15:29:48-07:00,4,17
projects\index.html,36,html,8169f5c6,Zachary Loo,2026-05-01,15:29:48,-07:00,2026-05-01T15:29:48-07:00,6,7
projects\index.html,37,html,8169f5c6,Zachary Loo,2026-05-01,15:29:48,-07:00,2026-05-01T15:29:48-07:00,4,3
projects\index.html,38,html,8169f5c6,Zachary Loo,2026-05-01,15:29:48,-07:00,2026-05-01T15:29:48-07:00,0,0
projects\index.html,39,html,8169f5c6,Zachary Loo,2026-05-01,15:29:48,-07:00,2026-05-01T15:29:48-07:00,2,4
projects\index.html,40,html,8169f5c6,Zachary Loo,2026-05-01,15:29:48,-07:00,2026-05-01T15:29:48-07:00,2,4
projects\index.html,41,html,8169f5c6,Zachary Loo,2026-05-01,15:29:48,-07:00,2026-05-01T15:29:48-07:00,4,17
projects\index.html,42,html,8169f5c6,Zachary Loo,2026-05-01,15:29:48,-07:00,2026-05-01T15:29:48-07:00,4,11
projects\index.html,43,html,8169f5c6,Zachary Loo,2026-05-01,15:29:48,-07:00,2026-05-01T15:29:48-07:00,4,26
projects\index.html,44,html,8169f5c6,Zachary Loo,2026-05-01,15:29:48,-07:00,2026-05-01T15:29:48-07:00,4,31
projects\index.html,45,html,8169f5c6,Zachary Loo,2026-05-01,15:29:48,-07:00,2026-05-01T15:29:48-07:00,2,0
projects\index.html,46,html,8169f5c6,Zachary Loo,2026-05-01,15:29:48,-07:00,2026-05-01T15:29:48-07:00,0,0
projects\index.html,47,html,4ef28afb,Zachary Loo,2026-04-17,11:44:49,-07:00,2026-04-17T11:44:49-07:00,0,0
projects\index.html,48,html,93d06673,Zachary Loo,2026-04-10,15:40:05,-07:00,2026-04-10T15:40:05-07:00,2,20
projects\index.html,49,html,8169f5c6,Zachary Loo,2026-05-01,15:29:48,-07:00,2026-05-01T15:29:48-07:00,0,0
projects\index.html,50,html,93d06673,Zachary Loo,2026-04-10,15:40:05,-07:00,2026-04-10T15:40:05-07:00,2,4
projects\index.html,51,html,93d06673,Zachary Loo,2026-04-10,15:40:05,-07:00,2026-04-10T15:40:05-07:00,0,0
projects\index.html,52,html,8169f5c6,Zachary Loo,2026-05-01,15:29:48,-07:00,2026-05-01T15:29:48-07:00,0,0
projects\index.html,53,html,8169f5c6,Zachary Loo,2026-05-01,15:29:48,-07:00,2026-05-01T15:29:48-07:00,0,0
projects\index.html,54,html,8169f5c6,Zachary Loo,2026-05-01,15:29:48,-07:00,2026-05-01T15:29:48-07:00,0,0
projects\index.html,55,html,323db6b6,Zachary Loo,2026-04-02,16:41:08,-07:00,2026-04-02T16:41:08-07:00,0,5
projects\index.html,56,html,8169f5c6,Zachary Loo,2026-05-01,15:29:48,-07:00,2026-05-01T15:29:48-07:00,0,0
projects\index.html,57,html,323db6b6,Zachary Loo,2026-04-02,16:41:08,-07:00,2026-04-02T16:41:08-07:00,0,5
contact\index.html,1,html,323db6b6,Zachary Loo,2026-04-02,16:41:08,-07:00,2026-04-02T16:41:08-07:00,0,13
contact\index.html,2,html,323db6b6,Zachary Loo,2026-04-02,16:41:08,-07:00,2026-04-02T16:41:08-07:00,0,14
contact\index.html,3,html,323db6b6,Zachary Loo,2026-04-02,16:41:08,-07:00,2026-04-02T16:41:08-07:00,0,4
contact\index.html,4,html,323db6b6,Zachary Loo,2026-04-02,16:41:08,-07:00,2026-04-02T16:41:08-07:00,2,20
contact\index.html,5,html,323db6b6,Zachary Loo,2026-04-02,16:41:08,-07:00,2026-04-02T16:41:08-07:00,2,68
contact\index.html,6,html,323db6b6,Zachary Loo,2026-04-02,16:41:08,-07:00,2026-04-02T16:41:08-07:00,2,25
contact\index.html,7,html,323db6b6,Zachary Loo,2026-04-02,16:41:08,-07:00,2026-04-02T16:41:08-07:00,2,41
contact\index.html,8,html,4ef28afb,Zachary Loo,2026-04-17,11:44:49,-07:00,2026-04-17T11:44:49-07:00,2,52
contact\index.html,9,html,323db6b6,Zachary Loo,2026-04-02,16:41:08,-07:00,2026-04-02T16:41:08-07:00,0,0
contact\index.html,10,html,323db6b6,Zachary Loo,2026-04-02,16:41:08,-07:00,2026-04-02T16:41:08-07:00,0,5
contact\index.html,11,html,323db6b6,Zachary Loo,2026-04-02,16:41:08,-07:00,2026-04-02T16:41:08-07:00,0,4
contact\index.html,12,html,4ef28afb,Zachary Loo,2026-04-17,11:44:49,-07:00,2026-04-17T11:44:49-07:00,0,33
contact\index.html,13,html,323db6b6,Zachary Loo,2026-04-02,16:41:08,-07:00,2026-04-02T16:41:08-07:00,2,3
contact\index.html,14,html,323db6b6,Zachary Loo,2026-04-02,16:41:08,-07:00,2026-04-02T16:41:08-07:00,4,2
contact\index.html,15,html,03892af3,Zachary Loo,2026-04-03,14:22:21,-07:00,2026-04-03T14:22:21-07:00,6,0
contact\index.html,16,html,323db6b6,Zachary Loo,2026-04-02,16:41:08,-07:00,2026-04-02T16:41:08-07:00,6,47
contact\index.html,17,html,323db6b6,Zachary Loo,2026-04-02,16:41:08,-07:00,2026-04-02T16:41:08-07:00,6,54
contact\index.html,18,html,4ef28afb,Zachary Loo,2026-04-17,11:44:49,-07:00,2026-04-17T11:44:49-07:00,6,44
contact\index.html,19,html,323db6b6,Zachary Loo,2026-04-02,16:41:08,-07:00,2026-04-02T16:41:08-07:00,6,55
contact\index.html,20,html,03892af3,Zachary Loo,2026-04-03,14:22:21,-07:00,2026-04-03T14:22:21-07:00,6,86
contact\index.html,21,html,323db6b6,Zachary Loo,2026-04-02,16:41:08,-07:00,2026-04-02T16:41:08-07:00,4,3
contact\index.html,22,html,03892af3,Zachary Loo,2026-04-03,14:22:21,-07:00,2026-04-03T14:22:21-07:00,4,0
contact\index.html,23,html,323db6b6,Zachary Loo,2026-04-02,16:41:08,-07:00,2026-04-02T16:41:08-07:00,0,0
contact\index.html,24,html,4ef28afb,Zachary Loo,2026-04-17,11:44:49,-07:00,2026-04-17T11:44:49-07:00,2,8
contact\index.html,25,html,03892af3,Zachary Loo,2026-04-03,14:22:21,-07:00,2026-04-03T14:22:21-07:00,2,17
contact\index.html,26,html,93d06673,Zachary Loo,2026-04-10,15:40:05,-07:00,2026-04-10T15:40:05-07:00,2,38
contact\index.html,27,html,323db6b6,Zachary Loo,2026-04-02,16:41:08,-07:00,2026-04-02T16:41:08-07:00,0,0
contact\index.html,28,html,4ef28afb,Zachary Loo,2026-04-17,11:44:49,-07:00,2026-04-17T11:44:49-07:00,2,34
contact\index.html,29,html,4ef28afb,Zachary Loo,2026-04-17,11:44:49,-07:00,2026-04-17T11:44:49-07:00,2,0
contact\index.html,30,html,323db6b6,Zachary Loo,2026-04-02,16:41:08,-07:00,2026-04-02T16:41:08-07:00,4,55
contact\index.html,31,html,323db6b6,Zachary Loo,2026-04-02,16:41:08,-07:00,2026-04-02T16:41:08-07:00,4,52
contact\index.html,32,html,323db6b6,Zachary Loo,2026-04-02,16:41:08,-07:00,2026-04-02T16:41:08-07:00,4,21
contact\index.html,33,html,4ef28afb,Zachary Loo,2026-04-17,11:44:49,-07:00,2026-04-17T11:44:49-07:00,4,0
contact\index.html,34,html,323db6b6,Zachary Loo,2026-04-02,16:41:08,-07:00,2026-04-02T16:41:08-07:00,2,5
contact\index.html,35,html,323db6b6,Zachary Loo,2026-04-02,16:41:08,-07:00,2026-04-02T16:41:08-07:00,0,5
contact\index.html,36,html,323db6b6,Zachary Loo,2026-04-02,16:41:08,-07:00,2026-04-02T16:41:08-07:00,0,5
